0x005ac380	44	4	1	FUN_005ac380	overlay
0x005ac3b0	48	2	0	FUN_005ac3b0	overlay
0x005ac3e0	24	2	0	FUN_005ac3e0	overlay
0x005ac400	188	1	5	FUN_005ac400	overlay
0x005ac4c0	324	1	3	FUN_005ac4c0	overlay
0x005ac610	212	2	14	FUN_005ac610	overlay
0x005ac6f0	212	1	12	FUN_005ac6f0	overlay
0x005ac7d0	60	3	0	FUN_005ac7d0	overlay
0x005ac810	140	1	1	FUN_005ac810	overlay
0x005ac8a0	376	1	12	FUN_005ac8a0	overlay
0x005aca20	44	1	1	FUN_005aca20	overlay
0x005aca50	88	1	2	FUN_005aca50	overlay
0x005acab0	676	1	25	FUN_005acab0	overlay
0x005acd60	56	2	2	FUN_005acd60	overlay
0x005acda0	72	1	2	FUN_005acda0	overlay
  0x005acdf0  size=    8  callers= 1  callees= 0  thunk_FUN_005ace00
0x005ace00	148	0	5	FUN_005ace00	overlay
0x005acea0	388	1	8	FUN_005acea0	overlay
0x005ad030	796	1	10	FUN_005ad030	overlay
0x005ad350	476	2	5	FUN_005ad350	overlay
0x005ad530	324	1	7	FUN_005ad530	overlay
0x005ad680	524	1	8	FUN_005ad680	overlay
0x005ad890	340	0	6	FUN_005ad890	overlay
0x005ad9f0	160	0	2	FUN_005ad9f0	overlay
0x005ada90	324	0	5	FUN_005ada90	overlay
0x005adbe0	156	0	2	FUN_005adbe0	overlay
0x005adc80	72	23	0	FUN_005adc80	overlay
0x005adcd0	172	1	1	FUN_005adcd0	overlay
0x005add80	12	1	0	FUN_005add80	overlay
0x005add90	32	1	0	FUN_005add90	overlay
0x005addb0	108	1	2	FUN_005addb0	overlay
0x005ade20	644	1	11	FUN_005ade20	overlay
0x005ae0b0	124	0	1	FUN_005ae0b0	overlay
0x005ae130	176	2	7	FUN_005ae130	overlay
0x005ae1e0	40	1	0	FUN_005ae1e0	overlay
0x005ae210	72	1	2	FUN_005ae210	overlay
0x005ae260	96	1	3	FUN_005ae260	overlay
0x005ae2c0	68	1	1	FUN_005ae2c0	overlay
0x005ae310	140	1	3	FUN_005ae310	overlay
0x005ae3a0	20	1	0	FUN_005ae3a0	overlay
0x005ae3c0	20	1	0	FUN_005ae3c0	overlay
0x005ae3e0	300	1	5	FUN_005ae3e0	overlay
0x005ae510	288	1	6	FUN_005ae510	overlay
0x005ae630	276	1	7	FUN_005ae630	overlay
0x005ae750	24	1	0	FUN_005ae750	overlay
0x005ae770	300	1	5	FUN_005ae770	overlay
0x005ae8a0	264	1	7	FUN_005ae8a0	overlay
0x005ae9b0	304	1	7	FUN_005ae9b0	overlay
0x005aeae0	48	1	1	FUN_005aeae0	overlay
0x005aeb10	216	1	1	FUN_005aeb10	overlay
0x005aec20	72	16	2	FUN_005aec20	overlay
0x005aec70	324	8	6	FUN_005aec70	overlay
0x005aedc0	492	1	2	FUN_005aedc0	overlay
0x005aefb0	224	1	0	FUN_005aefb0	overlay
0x005af090	136	1	0	FUN_005af090	overlay
0x005af120	100	6	0	FUN_005af120	overlay
0x005af190	8	1	0	FUN_005af190	overlay
0x005af1a0	64	3	2	FUN_005af1a0	overlay
0x005af1e0	216	52	0	FUN_005af1e0	overlay
0x005af2c0	32	59	0	FUN_005af2c0	overlay
0x005af2e0	8	51	0	FUN_005af2e0	overlay
0x005af2f0	16	20	1	FUN_005af2f0	overlay
0x005af300	16	21	1	FUN_005af300	overlay
0x005af310	36	13	1	FUN_005af310	overlay
0x005af340	32	2	1	FUN_005af340	overlay
  0x005af360  size=    8  callers= 9  callees= 0  thunk_EXT_FUN_001b3720
0x005af370	68	1	0	FUN_005af370	overlay
0x005af3c0	24	4	0	FUN_005af3c0	overlay
0x005af3e0	24	4	0	FUN_005af3e0	overlay
0x005af400	24	7	0	FUN_005af400	overlay
0x005af420	20	1	0	FUN_005af420	overlay
0x005af440	88	1	0	FUN_005af440	overlay
0x005af4d0	680	1	6	FUN_005af4d0	overlay
0x005af780	140	1	2	FUN_005af780	overlay
0x005af810	36	5	1	FUN_005af810	overlay
0x005af840	500	1	2	FUN_005af840	overlay
0x005afa40	1012	0	0	FUN_005afa40	overlay
0x005affb0	596	0	6	FUN_005affb0	overlay
0x005b0210	828	0	0	FUN_005b0210	overlay
0x005b0550	260	0	2	FUN_005b0550	overlay
0x005b0660	236	1	0	FUN_005b0660	overlay
0x005b0750	228	1	0	FUN_005b0750	overlay
0x005b08f0	96	0	4	FUN_005b08f0	overlay
0x005b0950	88	2	1	FUN_005b0950	overlay
0x005b09b0	392	22	1	FUN_005b09b0	overlay
0x005b0b40	392	1	1	FUN_005b0b40	overlay
0x005b0cd0	560	3	2	FUN_005b0cd0	overlay
0x005b0f00	648	1	2	FUN_005b0f00	overlay
0x005b1190	648	5	2	FUN_005b1190	overlay
0x005b1420	64	8	0	FUN_005b1420	overlay
0x005b1460	76	8	0	FUN_005b1460	overlay
0x005b14b0	524	68	0	FUN_005b14b0	overlay
0x005b16c0	500	3	0	FUN_005b16c0	overlay
0x005b18c0	308	1	0	FUN_005b18c0	overlay
0x005b1a00	40	1	1	FUN_005b1a00	overlay
0x005b1a30	220	1	10	FUN_005b1a30	overlay
0x005b1b10	512	0	5	FUN_005b1b10	overlay
0x005b1d10	8	10	0	FUN_005b1d10	overlay
0x005b1d20	268	1	4	FUN_005b1d20	overlay
0x005b1e30	80	3	0	FUN_005b1e30	overlay
0x005b1e80	288	1	5	FUN_005b1e80	overlay
0x005b1fa0	280	1	4	FUN_005b1fa0	overlay
0x005b20c0	408	1	9	FUN_005b20c0	overlay
0x005b2260	416	1	6	FUN_005b2260	overlay
0x005b2400	8	1	0	FUN_005b2400	overlay
0x005b2410	76	3	0	FUN_005b2410	overlay
0x005b2460	12	1	1	FUN_005b2460	overlay
0x005b2470	76	5	0	FUN_005b2470	overlay
0x005b24c0	8	8	0	FUN_005b24c0	overlay
0x005b24d0	8	2	0	FUN_005b24d0	overlay
0x005b24e0	212	1	10	FUN_005b24e0	overlay
0x005b25c0	1004	1	13	FUN_005b25c0	overlay
0x005b29b0	228	1	3	FUN_005b29b0	overlay
0x005b2aa0	272	1	0	FUN_005b2aa0	overlay
0x005b2bc0	628	1	16	FUN_005b2bc0	overlay
0x005b2e40	548	1	15	FUN_005b2e40	overlay
0x005b3070	888	1	13	FUN_005b3070	overlay
0x005b33f0	284	1	7	FUN_005b33f0	overlay
0x005b3510	128	1	3	FUN_005b3510	overlay
0x005b3590	512	1	16	FUN_005b3590	overlay
0x005b3790	980	1	17	FUN_005b3790	overlay
0x005b3b70	192	1	0	FUN_005b3b70	overlay
0x005b3c30	128	1	4	FUN_005b3c30	overlay
0x005b3cb0	196	1	6	FUN_005b3cb0	overlay
0x005b3d80	336	1	2	FUN_005b3d80	overlay
0x005b3ed0	732	1	11	FUN_005b3ed0	overlay
0x005b41b0	1088	1	8	FUN_005b41b0	overlay
0x005b45f0	424	2	9	FUN_005b45f0	overlay
0x005b47a0	180	2	3	FUN_005b47a0	overlay
0x005b4860	492	1	3	FUN_005b4860	overlay
0x005b4a50	552	1	10	FUN_005b4a50	overlay
0x005b4c80	288	6	1	FUN_005b4c80	overlay
0x005b4da0	1312	0	6	FUN_005b4da0	overlay
0x005b53b0	60	0	1	FUN_005b53b0	overlay
0x005b53f0	292	0	2	FUN_005b53f0	overlay
0x005b5520	360	0	2	FUN_005b5520	overlay
0x005b5690	76	0	1	FUN_005b5690	overlay
0x005b5710	72	0	1	FUN_005b5710	overlay
0x005b5760	60	0	1	FUN_005b5760	overlay
0x005b57a0	64	0	2	FUN_005b57a0	overlay
0x005b57e0	64	0	2	FUN_005b57e0	overlay
0x005b5820	64	0	2	FUN_005b5820	overlay
0x005b5860	64	0	2	FUN_005b5860	overlay
0x005b58a0	64	0	2	FUN_005b58a0	overlay
0x005b58e0	80	0	2	FUN_005b58e0	overlay
0x005b5930	64	0	2	FUN_005b5930	overlay
0x005b5970	64	0	2	FUN_005b5970	overlay
0x005b59b0	80	0	1	FUN_005b59b0	overlay
0x005b5a00	80	0	1	FUN_005b5a00	overlay
0x005b5a50	112	0	1	FUN_005b5a50	overlay
0x005b5ac0	584	0	2	FUN_005b5ac0	overlay
0x005b5d20	576	0	3	FUN_005b5d20	overlay
0x005b5f60	80	0	2	FUN_005b5f60	overlay
0x005b5fb0	116	0	2	FUN_005b5fb0	overlay
0x005b6030	64	0	1	FUN_005b6030	overlay
0x005b6070	540	0	6	FUN_005b6070	overlay
0x005b6300	336	0	1	FUN_005b6300	overlay
0x005b6570	576	0	1	FUN_005b6570	overlay
0x005b67b0	164	0	2	FUN_005b67b0	overlay
0x005b6860	124	0	1	FUN_005b6860	overlay
0x005b68e0	24	45	0	FUN_005b68e0	overlay
0x005b6900	80	44	1	FUN_005b6900	overlay
0x005b6950	828	1	1	FUN_005b6950	overlay
0x005b6c90	92	6	1	FUN_005b6c90	overlay
0x005b6cf0	92	1	1	FUN_005b6cf0	overlay
0x005b6e10	136	0	2	FUN_005b6e10	overlay
0x005b6ea0	232	1	1	FUN_005b6ea0	overlay
0x005b6f90	728	1	0	FUN_005b6f90	overlay
0x005b7270	168	1	3	FUN_005b7270	overlay
0x005b7320	656	2	2	FUN_005b7320	overlay
0x005b75b0	312	1	0	FUN_005b75b0	overlay
0x005b76f0	1504	2	5	FUN_005b76f0	overlay
0x005b7cd0	272	4	4	FUN_005b7cd0	overlay
0x005b7de0	288	1	4	FUN_005b7de0	overlay
0x005b7f00	100	6	0	FUN_005b7f00	overlay
0x005b7f70	84	1	1	FUN_005b7f70	overlay
0x005b7fd0	344	16	1	FUN_005b7fd0	overlay
0x005b8130	84	4	1	FUN_005b8130	overlay
0x005b8190	288	0	1	FUN_005b8190	overlay
0x005b82b0	1036	0	1	FUN_005b82b0	overlay
0x005b86c0	440	0	5	FUN_005b86c0	overlay
0x005b8880	388	0	5	FUN_005b8880	overlay
0x005b8a10	324	0	1	FUN_005b8a10	overlay
0x005b8b60	400	0	5	FUN_005b8b60	overlay
0x005b8cf0	168	31	1	FUN_005b8cf0	overlay
0x005b8da0	148	11	2	FUN_005b8da0	overlay
0x005b8e40	280	1	2	FUN_005b8e40	overlay
0x005b8f60	252	2	1	FUN_005b8f60	overlay
0x005b9060	164	21	1	FUN_005b9060	overlay
0x005b9110	12	51	0	FUN_005b9110	overlay
0x005b9120	40	3	0	FUN_005b9120	overlay
0x005b9150	4148	0	9	FUN_005b9150	overlay
0x005ba190	332	0	2	FUN_005ba190	overlay
0x005ba2e0	476	0	6	FUN_005ba2e0	overlay
0x005ba4c0	88	2	3	FUN_005ba4c0	overlay
0x005ba520	80	1	3	FUN_005ba520	overlay
0x005ba570	64	16	1	FUN_005ba570	overlay
0x005ba5b0	512	0	8	FUN_005ba5b0	overlay
0x005ba7b0	16	29	0	FUN_005ba7b0	overlay
0x005ba7c0	52	2	1	FUN_005ba7c0	overlay
0x005ba800	196	1	0	FUN_005ba800	overlay
0x005ba8d0	108	0	4	FUN_005ba8d0	overlay
0x005ba940	184	1	1	FUN_005ba940	overlay
0x005baa00	84	1	0	FUN_005baa00	overlay
0x005baa60	16	1	0	FUN_005baa60	overlay
0x005baa70	492	0	4	FUN_005baa70	overlay
0x005bac60	24	11	0	FUN_005bac60	overlay
0x005bac80	88	9	0	FUN_005bac80	overlay
0x005bace0	8	2	0	FUN_005bace0	overlay
0x005bacf0	8	2	0	FUN_005bacf0	overlay
0x005bad00	8	1	0	FUN_005bad00	overlay
0x005bad10	276	2	0	FUN_005bad10	overlay
0x005bae30	72	1	1	FUN_005bae30	overlay
0x005bae80	72	2	1	FUN_005bae80	overlay
0x005baed0	72	1	1	FUN_005baed0	overlay
0x005baf20	72	1	1	FUN_005baf20	overlay
0x005baf70	72	1	1	FUN_005baf70	overlay
0x005bafc0	72	3	1	FUN_005bafc0	overlay
0x005bb010	72	2	1	FUN_005bb010	overlay
0x005bb060	72	2	1	FUN_005bb060	overlay
0x005bb0b0	308	1	1	FUN_005bb0b0	overlay
0x005bb1f0	124	1	0	FUN_005bb1f0	overlay
0x005bb270	268	1	0	FUN_005bb270	overlay
0x005bb380	180	1	5	FUN_005bb380	overlay
0x005bb440	144	1	0	FUN_005bb440	overlay
0x005bb4d0	320	0	4	FUN_005bb4d0	overlay
0x005bb610	96	1	1	FUN_005bb610	overlay
0x005bb670	612	0	7	FUN_005bb670	overlay
0x005bb8e0	152	0	3	FUN_005bb8e0	overlay
0x005bb980	156	0	3	FUN_005bb980	overlay
0x005bba20	356	0	18	FUN_005bba20	overlay
0x005bbb90	136	1	2	FUN_005bbb90	overlay
0x005bbc20	468	1	6	FUN_005bbc20	overlay
0x005bbe00	148	1	3	FUN_005bbe00	overlay
0x005bbea0	128	1	2	FUN_005bbea0	overlay
0x005bbf20	152	1	3	FUN_005bbf20	overlay
0x005bbfc0	144	1	1	FUN_005bbfc0	overlay
0x005bc050	144	1	1	FUN_005bc050	overlay
0x005bc0e0	48	1	0	FUN_005bc0e0	overlay
0x005bc110	168	1	0	FUN_005bc110	overlay
0x005bc1c0	108	1	0	FUN_005bc1c0	overlay
0x005bc230	16	1	0	FUN_005bc230	overlay
0x005bc240	40	1	1	FUN_005bc240	overlay
0x005bc270	44	1	1	FUN_005bc270	overlay
0x005bc2a0	76	1	2	FUN_005bc2a0	overlay
0x005bc2f0	72	1	2	FUN_005bc2f0	overlay
  0x005bc340  size=    8  callers= 1  callees= 0  thunk_FUN_005c61b0
0x005bc350	16	1	0	FUN_005bc350	overlay
0x005bc370	180	2	0	FUN_005bc370	overlay
0x005bc430	340	0	4	FUN_005bc430	overlay
0x005bc590	500	0	3	FUN_005bc590	overlay
0x005bc790	208	0	2	FUN_005bc790	overlay
0x005bc860	296	2	0	FUN_005bc860	overlay
0x005bc990	248	0	5	FUN_005bc990	overlay
0x005bca90	408	0	5	FUN_005bca90	overlay
0x005bcc30	172	1	0	FUN_005bcc30	overlay
0x005bcce0	316	2	0	FUN_005bcce0	overlay
0x005bce20	88	1	1	FUN_005bce20	overlay
0x005bce80	96	0	1	FUN_005bce80	overlay
0x005bcee0	232	0	2	FUN_005bcee0	overlay
0x005bcfd0	632	0	4	FUN_005bcfd0	overlay
0x005bd250	140	2	0	FUN_005bd250	overlay
0x005bd2e0	1024	1	3	FUN_005bd2e0	overlay
0x005bd6e0	52	1	0	FUN_005bd6e0	overlay
0x005bd720	8	1	0	FUN_005bd720	overlay
0x005bd730	12	1	0	FUN_005bd730	overlay
0x005bd740	72	1	0	FUN_005bd740	overlay
0x005bd790	72	1	0	FUN_005bd790	overlay
0x005bd7e0	76	1	0	FUN_005bd7e0	overlay
0x005bd830	36	1	0	FUN_005bd830	overlay
0x005bd860	36	1	0	FUN_005bd860	overlay
0x005bd890	40	1	0	FUN_005bd890	overlay
0x005bd8c0	116	0	2	FUN_005bd8c0	overlay
0x005bd940	236	5	2	FUN_005bd940	overlay
0x005bda30	36	1	0	FUN_005bda30	overlay
0x005bda60	32	1	1	FUN_005bda60	overlay
0x005bda80	88	1	4	FUN_005bda80	overlay
0x005bdae0	32	1	1	FUN_005bdae0	overlay
0x005bdb00	292	1	2	FUN_005bdb00	overlay
0x005bdc30	52	1	0	FUN_005bdc30	overlay
0x005bdc70	228	2	0	FUN_005bdc70	overlay
0x005bdd60	48	1	0	FUN_005bdd60	overlay
0x005bdd90	260	1	0	FUN_005bdd90	overlay
0x005bdea0	8	1	0	FUN_005bdea0	overlay
0x005bdeb0	60	1	3	FUN_005bdeb0	overlay
0x005bdef0	120	2	4	FUN_005bdef0	overlay
0x005bdf70	24	1	0	FUN_005bdf70	overlay
0x005bdf90	76	16	0	FUN_005bdf90	overlay
0x005bdfe0	120	24	3	FUN_005bdfe0	overlay
0x005be060	20	3	0	FUN_005be060	overlay
0x005be080	20	3	0	FUN_005be080	overlay
0x005be0a0	128	15	0	FUN_005be0a0	overlay
0x005be120	336	1	0	FUN_005be120	overlay
0x005be270	180	1	0	FUN_005be270	overlay
0x005be330	748	1	9	FUN_005be330	overlay
0x005be620	100	2	2	FUN_005be620	overlay
0x005be690	104	1	0	FUN_005be690	overlay
0x005be700	176	1	2	FUN_005be700	overlay
0x005be7b0	268	0	0	FUN_005be7b0	overlay
0x005be8c0	56	2	0	FUN_005be8c0	overlay
0x005be900	152	2	0	FUN_005be900	overlay
0x005be9a0	36	27	0	FUN_005be9a0	overlay
0x005be9d0	8	1	0	FUN_005be9d0	overlay
0x005be9e0	8	21	0	FUN_005be9e0	overlay
0x005be9f0	8	1	0	FUN_005be9f0	overlay
0x005bea00	8	1	0	FUN_005bea00	overlay
0x005bea10	8	22	0	FUN_005bea10	overlay
0x005bea20	8	2	0	FUN_005bea20	overlay
0x005bea30	8	4	0	FUN_005bea30	overlay
0x005bea40	8	1	0	FUN_005bea40	overlay
0x005bea50	8	1	0	FUN_005bea50	overlay
0x005bea60	8	3	0	FUN_005bea60	overlay
0x005bea70	8	5	0	FUN_005bea70	overlay
0x005bea80	8	21	0	FUN_005bea80	overlay
0x005bea90	164	2	0	FUN_005bea90	overlay
0x005beb40	92	1	2	FUN_005beb40	overlay
0x005beba0	76	1	3	FUN_005beba0	overlay
0x005bebf0	140	1	8	FUN_005bebf0	overlay
0x005bec80	104	1	4	FUN_005bec80	overlay
0x005becf0	104	1	4	FUN_005becf0	overlay
0x005bed60	104	1	4	FUN_005bed60	overlay
0x005bedd0	104	1	4	FUN_005bedd0	overlay
0x005bee40	80	1	4	FUN_005bee40	overlay
0x005bee90	104	1	4	FUN_005bee90	overlay
0x005bef00	76	1	3	FUN_005bef00	overlay
0x005befa0	308	0	2	FUN_005befa0	overlay
0x005bf0e0	72	5	0	FUN_005bf0e0	overlay
0x005bf130	80	3	0	FUN_005bf130	overlay
0x005bf180	96	5	0	FUN_005bf180	overlay
0x005bf1e0	72	24	0	FUN_005bf1e0	overlay
0x005bf230	68	9	0	FUN_005bf230	overlay
0x005bf280	84	2	0	FUN_005bf280	overlay
0x005bf2e0	84	1	0	FUN_005bf2e0	overlay
0x005bf340	84	2	0	FUN_005bf340	overlay
0x005bf3a0	20	1	0	FUN_005bf3a0	overlay
0x005bf3c0	76	1	0	FUN_005bf3c0	overlay
0x005bf410	84	1	0	FUN_005bf410	overlay
0x005bf470	708	0	2	FUN_005bf470	overlay
0x005bf740	232	0	2	FUN_005bf740	overlay
0x005bf830	272	0	2	FUN_005bf830	overlay
0x005bf940	52	2	0	FUN_005bf940	overlay
0x005bf980	88	1	0	FUN_005bf980	overlay
0x005bf9e0	52	1	0	FUN_005bf9e0	overlay
0x005bfa20	76	1	0	FUN_005bfa20	overlay
0x005bfa70	196	2	3	FUN_005bfa70	overlay
0x005bfb40	160	0	6	FUN_005bfb40	overlay
0x005bfbe0	84	2	0	FUN_005bfbe0	overlay
0x005bfc40	20	2	0	FUN_005bfc40	overlay
0x005bfc60	76	1	0	FUN_005bfc60	overlay
0x005bfcb0	52	3	0	FUN_005bfcb0	overlay
0x005bfcf0	52	2	0	FUN_005bfcf0	overlay
0x005bfd30	76	1	0	FUN_005bfd30	overlay
0x005bfd80	72	3	2	FUN_005bfd80	overlay
0x005bfdd0	36	1	1	FUN_005bfdd0	overlay
0x005bfe00	136	1	2	FUN_005bfe00	overlay
0x005bfe90	140	0	4	FUN_005bfe90	overlay
0x005bff20	84	3	0	FUN_005bff20	overlay
0x005bff80	20	3	0	FUN_005bff80	overlay
0x005bffa0	180	3	2	FUN_005bffa0	overlay
0x005c0060	360	0	4	FUN_005c0060	overlay
0x005c01d0	52	6	0	FUN_005c01d0	overlay
0x005c0210	52	4	0	FUN_005c0210	overlay
0x005c0250	8	1	0	FUN_005c0250	overlay
0x005c0260	76	5	0	FUN_005c0260	overlay
0x005c02b0	180	2	2	FUN_005c02b0	overlay
0x005c0370	132	4	0	FUN_005c0370	overlay
0x005c0400	108	2	2	FUN_005c0400	overlay
0x005c0470	116	2	0	FUN_005c0470	overlay
0x005c04f0	200	2	3	FUN_005c04f0	overlay
0x005c05c0	228	0	5	FUN_005c05c0	overlay
0x005c0750	248	6	3	FUN_005c0750	overlay
0x005c0850	8	1	0	FUN_005c0850	overlay
0x005c0860	52	5	0	FUN_005c0860	overlay
0x005c08a0	16	3	0	FUN_005c08a0	overlay
0x005c08b0	104	2	4	FUN_005c08b0	overlay
0x005c0920	52	3	0	FUN_005c0920	overlay
0x005c0960	84	4	0	FUN_005c0960	overlay
0x005c09c0	52	4	0	FUN_005c09c0	overlay
0x005c0a00	212	4	2	FUN_005c0a00	overlay
0x005c0ae0	580	0	4	FUN_005c0ae0	overlay
0x005c0d30	132	3	0	FUN_005c0d30	overlay
0x005c0dc0	104	2	4	FUN_005c0dc0	overlay
0x005c0e30	204	4	1	FUN_005c0e30	overlay
0x005c0f00	20	11	0	FUN_005c0f00	overlay
0x005c0f20	52	4	0	FUN_005c0f20	overlay
0x005c0f60	112	5	2	FUN_005c0f60	overlay
0x005c0fd0	20	2	0	FUN_005c0fd0	overlay
0x005c0ff0	560	0	5	FUN_005c0ff0	overlay
0x005c1220	440	0	2	FUN_005c1220	overlay
0x005c13e0	180	0	1	FUN_005c13e0	overlay
0x005c14a0	712	0	2	FUN_005c14a0	overlay
0x005c1770	604	0	2	FUN_005c1770	overlay
0x005c19d0	572	0	1	FUN_005c19d0	overlay
0x005c1c10	20	3	0	FUN_005c1c10	overlay
0x005c1c80	484	0	5	FUN_005c1c80	overlay
0x005c1e70	184	3	4	FUN_005c1e70	overlay
0x005c1f30	184	2	4	FUN_005c1f30	overlay
0x005c1ff0	144	2	5	FUN_005c1ff0	overlay
0x005c2080	156	3	3	FUN_005c2080	overlay
0x005c2120	152	1	2	FUN_005c2120	overlay
0x005c21c0	132	0	4	FUN_005c21c0	overlay
0x005c2250	76	2	3	FUN_005c2250	overlay
0x005c22a0	156	1	0	FUN_005c22a0	overlay
0x005c2340	36	1	1	FUN_005c2340	overlay
0x005c2370	20	1	0	FUN_005c2370	overlay
0x005c2390	196	1	2	FUN_005c2390	overlay
0x005c2460	736	0	4	FUN_005c2460	overlay
0x005c2740	132	1	0	FUN_005c2740	overlay
0x005c27d0	76	2	3	FUN_005c27d0	overlay
0x005c2820	104	3	1	FUN_005c2820	overlay
0x005c2890	84	3	0	FUN_005c2890	overlay
0x005c28f0	200	2	2	FUN_005c28f0	overlay
0x005c29c0	128	0	3	FUN_005c29c0	overlay
0x005c2a40	40	8	0	FUN_005c2a40	overlay
0x005c2a70	32	2	1	FUN_005c2a70	overlay
0x005c2a90	32	1	1	FUN_005c2a90	overlay
0x005c2ab0	32	1	1	FUN_005c2ab0	overlay
0x005c2ad0	16	2	0	FUN_005c2ad0	overlay
0x005c2ae0	52	3	1	FUN_005c2ae0	overlay
0x005c2b20	36	1	1	FUN_005c2b20	overlay
0x005c2b50	32	1	1	FUN_005c2b50	overlay
0x005c2b70	32	1	1	FUN_005c2b70	overlay
0x005c2b90	40	1	1	FUN_005c2b90	overlay
0x005c2bc0	428	1	0	FUN_005c2bc0	overlay
0x005c2d70	280	1	0	FUN_005c2d70	overlay
0x005c2e90	172	2	0	FUN_005c2e90	overlay
0x005c2f40	588	1	9	FUN_005c2f40	overlay
0x005c3190	476	0	3	FUN_005c3190	overlay
0x005c3370	284	0	1	FUN_005c3370	overlay
0x005c3490	1352	0	5	FUN_005c3490	overlay
0x005c39e0	84	0	1	FUN_005c39e0	overlay
0x005c3a40	196	0	2	FUN_005c3a40	overlay
0x005c3b10	304	1	6	FUN_005c3b10	overlay
0x005c3c40	164	1	0	FUN_005c3c40	overlay
0x005c3cf0	164	0	1	FUN_005c3cf0	overlay
0x005c3da0	164	0	1	FUN_005c3da0	overlay
0x005c3e50	24	7	0	FUN_005c3e50	overlay
0x005c3e70	8	1	0	FUN_005c3e70	overlay
0x005c3e80	100	2	0	FUN_005c3e80	overlay
0x005c3ef0	160	1	0	FUN_005c3ef0	overlay
0x005c40a0	656	0	2	FUN_005c40a0	overlay
0x005c4330	52	1	0	FUN_005c4330	overlay
0x005c4370	12	1	0	FUN_005c4370	overlay
0x005c4380	160	1	0	FUN_005c4380	overlay
0x005c4420	52	1	0	FUN_005c4420	overlay
0x005c4460	60	1	3	FUN_005c4460	overlay
0x005c44a0	220	3	4	FUN_005c44a0	overlay
0x005c4580	48	2	1	FUN_005c4580	overlay
0x005c45b0	72	2	0	FUN_005c45b0	overlay
0x005c4600	140	2	2	FUN_005c4600	overlay
0x005c4690	136	1	0	FUN_005c4690	overlay
0x005c4760	872	0	0	FUN_005c4760	overlay
0x005c4ad0	8	1	0	FUN_005c4ad0	overlay
0x005c4ae0	8	1	0	FUN_005c4ae0	overlay
0x005c4af0	156	1	2	FUN_005c4af0	overlay
0x005c4b90	52	1	0	FUN_005c4b90	overlay
0x005c4bd0	272	1	1	FUN_005c4bd0	overlay
0x005c4ce0	52	1	0	FUN_005c4ce0	overlay
0x005c4d20	152	2	2	FUN_005c4d20	overlay
0x005c4dc0	152	1	0	FUN_005c4dc0	overlay
0x005c4e60	152	1	0	FUN_005c4e60	overlay
0x005c4f00	60	5	0	FUN_005c4f00	overlay
0x005c4f40	136	3	0	FUN_005c4f40	overlay
0x005c4fd0	136	3	0	FUN_005c4fd0	overlay
0x005c5060	52	1	0	FUN_005c5060	overlay
0x005c50a0	128	5	0	FUN_005c50a0	overlay
0x005c5120	128	6	0	FUN_005c5120	overlay
0x005c51a0	488	1	0	FUN_005c51a0	overlay
0x005c5390	208	1	0	FUN_005c5390	overlay
0x005c5460	120	2	1	FUN_005c5460	overlay
0x005c54e0	292	0	2	FUN_005c54e0	overlay
0x005c5610	136	0	2	FUN_005c5610	overlay
0x005c56a0	224	0	1	FUN_005c56a0	overlay
0x005c5780	132	1	1	FUN_005c5780	overlay
0x005c5810	512	1	2	FUN_005c5810	overlay
0x005c5a10	188	0	2	FUN_005c5a10	overlay
0x005c5ad0	220	1	2	FUN_005c5ad0	overlay
0x005c5bb0	88	1	0	FUN_005c5bb0	overlay
0x005c5c10	88	1	0	FUN_005c5c10	overlay
0x005c5c70	88	1	0	FUN_005c5c70	overlay
0x005c5cd0	88	1	0	FUN_005c5cd0	overlay
0x005c5d30	116	1	0	FUN_005c5d30	overlay
0x005c5db0	116	1	0	FUN_005c5db0	overlay
0x005c5e30	116	1	0	FUN_005c5e30	overlay
0x005c5eb0	88	1	0	FUN_005c5eb0	overlay
0x005c5f10	88	1	0	FUN_005c5f10	overlay
0x005c5f70	116	1	0	FUN_005c5f70	overlay
0x005c5ff0	88	1	0	FUN_005c5ff0	overlay
0x005c6050	116	1	0	FUN_005c6050	overlay
0x005c60d0	116	2	0	FUN_005c60d0	overlay
0x005c6150	88	1	0	FUN_005c6150	overlay
0x005c61b0	88	0	0	FUN_005c61b0	overlay
0x005c6210	316	2	0	FUN_005c6210	overlay
0x005c6360	412	1	0	FUN_005c6360	overlay
0x005c6500	2136	0	9	FUN_005c6500	overlay
0x005c6d60	52	1	0	FUN_005c6d60	overlay
0x005c6da0	520	0	0	FUN_005c6da0	overlay
0x005c6fb0	108	2	4	FUN_005c6fb0	overlay
0x005c7020	180	1	3	FUN_005c7020	overlay
0x005c70e0	236	0	2	FUN_005c70e0	overlay
0x005c71d0	64	1	0	FUN_005c71d0	overlay
0x005c7210	120	0	3	FUN_005c7210	overlay
0x005c7290	64	1	0	FUN_005c7290	overlay
0x005c72d0	76	1	2	FUN_005c72d0	overlay
0x005c7320	256	1	2	FUN_005c7320	overlay
0x005c7420	284	1	2	FUN_005c7420	overlay
0x005c7540	100	1	3	FUN_005c7540	overlay
0x005c75b0	32	1	0	FUN_005c75b0	overlay
0x005c75d0	264	1	2	FUN_005c75d0	overlay
0x005c76e0	168	1	1	FUN_005c76e0	overlay
0x005c78e0	32	1	0	FUN_005c78e0	overlay
0x005c7900	208	1	0	FUN_005c7900	overlay
0x005c79d0	40	2	0	FUN_005c79d0	overlay
0x005c7a00	220	2	1	FUN_005c7a00	overlay
0x005c7ae0	192	1	0	FUN_005c7ae0	overlay
0x005c7ba0	36	1	0	FUN_005c7ba0	overlay
0x005c7bd0	204	1	0	FUN_005c7bd0	overlay
0x005c7ca0	92	1	0	FUN_005c7ca0	overlay
0x005c7d00	28	26	0	FUN_005c7d00	overlay
0x005c7d40	176	1	3	FUN_005c7d40	overlay
0x005c7df0	32	1	0	FUN_005c7df0	overlay
0x005c7e10	16	1	0	FUN_005c7e10	overlay
0x005c7e20	16	1	0	FUN_005c7e20	overlay
0x005c7e30	240	11	1	FUN_005c7e30	overlay
0x005c7f20	204	3	1	FUN_005c7f20	overlay
0x005c7ff0	148	3	0	FUN_005c7ff0	overlay
0x005c80a0	1084	5	8	FUN_005c80a0	overlay
0x005c84e0	68	2	2	FUN_005c84e0	overlay
0x005c8530	160	1	2	FUN_005c8530	overlay
0x005c85d0	568	1	4	FUN_005c85d0	overlay
0x005c8810	96	5	4	FUN_005c8810	overlay
0x005c8870	76	0	2	FUN_005c8870	overlay
0x005c8ae0	220	0	1	FUN_005c8ae0	overlay
0x005c8bc0	84	0	1	FUN_005c8bc0	overlay
0x005c8d10	160	0	2	FUN_005c8d10	overlay
0x005c8db0	72	0	2	FUN_005c8db0	overlay
0x005c8e00	100	0	1	FUN_005c8e00	overlay
0x005c8e70	64	0	2	FUN_005c8e70	overlay
0x005c8ed0	552	0	4	FUN_005c8ed0	overlay
0x005c9130	416	1	1	FUN_005c9130	overlay
0x005c92d0	136	1	1	FUN_005c92d0	overlay
0x005c9360	256	0	0	FUN_005c9360	overlay
0x005c9460	432	0	5	FUN_005c9460	overlay
0x005c9690	616	0	9	FUN_005c9690	overlay
0x005c9900	256	0	5	FUN_005c9900	overlay
0x005c9a00	580	0	4	FUN_005c9a00	overlay
0x005c9c50	1096	0	4	FUN_005c9c50	overlay
0x005ca0a0	248	0	5	FUN_005ca0a0	overlay
0x005ca1a0	240	0	5	FUN_005ca1a0	overlay
0x005ca290	140	0	4	FUN_005ca290	overlay
0x005ca320	92	0	3	FUN_005ca320	overlay
0x005ca380	152	0	5	FUN_005ca380	overlay
0x005ca420	92	0	3	FUN_005ca420	overlay
0x005ca480	104	0	3	FUN_005ca480	overlay
0x005ca4f0	104	0	3	FUN_005ca4f0	overlay
0x005ca560	96	0	2	FUN_005ca560	overlay
0x005ca5c0	116	0	2	FUN_005ca5c0	overlay
0x005ca640	92	0	2	FUN_005ca640	overlay
0x005ca6a0	592	12	3	FUN_005ca6a0	overlay
0x005ca8f0	196	1	0	FUN_005ca8f0	overlay
0x005ca9c0	332	1	0	FUN_005ca9c0	overlay
0x005cab10	7740	25	4	FUN_005cab10	overlay
0x005cc980	880	2	5	FUN_005cc980	overlay
0x005cccf0	320	1	2	FUN_005cccf0	overlay
0x005cce30	920	9	2	FUN_005cce30	overlay
0x005cd1d0	324	1	3	FUN_005cd1d0	overlay
0x005cd320	108	1	10	FUN_005cd320	overlay
0x005cd390	72	0	1	FUN_005cd390	overlay
0x005cd3e0	284	0	1	FUN_005cd3e0	overlay
0x005cd500	200	0	2	FUN_005cd500	overlay
0x005cd5d0	120	0	1	FUN_005cd5d0	overlay
0x005cd650	180	0	2	FUN_005cd650	overlay
0x005cd710	32	1	0	FUN_005cd710	overlay
0x005cd730	40	1	0	FUN_005cd730	overlay
0x005cd760	88	1	0	FUN_005cd760	overlay
0x005ce0a0	60	1	0	FUN_005ce0a0	overlay
0x005ce0e0	1012	0	6	FUN_005ce0e0	overlay
0x005ce4e0	72	1	0	FUN_005ce4e0	overlay
0x005ce530	1620	0	6	FUN_005ce530	overlay
0x005cebc0	1100	1	0	FUN_005cebc0	overlay
0x005cf010	296	0	5	FUN_005cf010	overlay
0x005cf140	156	0	1	FUN_005cf140	overlay
0x005cf1e0	428	0	3	FUN_005cf1e0	overlay
0x005cf3a0	584	2	2	FUN_005cf3a0	overlay
0x005cf5f0	12	1	0	FUN_005cf5f0	overlay
0x005cf600	120	2	1	FUN_005cf600	overlay
0x005cf680	608	1	1	FUN_005cf680	overlay
0x005cf8e0	572	1	1	FUN_005cf8e0	overlay
0x005cfb20	3624	0	4	FUN_005cfb20	overlay
0x005d0960	108	1	5	FUN_005d0960	overlay
0x005d09d0	100	3	5	FUN_005d09d0	overlay
0x005d0a40	164	3	5	FUN_005d0a40	overlay
0x005d0af0	1184	0	1	FUN_005d0af0	overlay
0x005d0f90	1748	0	0	FUN_005d0f90	overlay
0x005d1670	812	0	1	FUN_005d1670	overlay
0x005d19a0	632	0	0	FUN_005d19a0	overlay
0x005d1c20	320	0	0	FUN_005d1c20	overlay
0x005d1d60	288	1	0	FUN_005d1d60	overlay
0x005d1e80	3468	0	12	FUN_005d1e80	overlay
0x005d2c20	3336	1	2	FUN_005d2c20	overlay
0x005d3930	3396	1	10	FUN_005d3930	overlay
0x005d46a0	324	1	0	FUN_005d46a0	overlay
0x005d47f0	3652	1	8	FUN_005d47f0	overlay
0x005d5640	700	2	6	FUN_005d5640	overlay
0x005d5900	212	1	2	FUN_005d5900	overlay
0x005d59f0	76	9	0	FUN_005d59f0	overlay
0x005d5a40	208	8	0	FUN_005d5a40	overlay
0x005d5b10	72	5	0	FUN_005d5b10	overlay
0x005d5b60	64	11	1	FUN_005d5b60	overlay
0x005d5ba0	124	5	0	FUN_005d5ba0	overlay
0x005d5c20	160	11	1	FUN_005d5c20	overlay
0x005d5cc0	240	12	2	FUN_005d5cc0	overlay
0x005d5db0	56	1	0	FUN_005d5db0	overlay
0x005d5df0	152	2	0	FUN_005d5df0	overlay
0x005d5e90	60	2	0	FUN_005d5e90	overlay
0x005d5ed0	108	2	2	FUN_005d5ed0	overlay
0x005d5f40	348	1	1	FUN_005d5f40	overlay
0x005d60a0	748	1	4	FUN_005d60a0	overlay
0x005d6390	200	1	4	FUN_005d6390	overlay
0x005d6460	172	2	2	FUN_005d6460	overlay
0x005d6510	68	1	0	FUN_005d6510	overlay
0x005d6560	200	1	1	FUN_005d6560	overlay
0x005d6630	80	6	1	FUN_005d6630	overlay
0x005d6680	136	1	0	FUN_005d6680	overlay
0x005d6710	92	1	1	FUN_005d6710	overlay
0x005d6770	96	1	1	FUN_005d6770	overlay
0x005d67d0	56	4	0	FUN_005d67d0	overlay
0x005d6810	36	4	0	FUN_005d6810	overlay
0x005d6840	152	1	0	FUN_005d6840	overlay
0x005d68e0	64	2	1	FUN_005d68e0	overlay
0x005d6920	228	1	4	FUN_005d6920	overlay
0x005d6a10	56	2	0	FUN_005d6a10	overlay
0x005d6a50	20	2	0	FUN_005d6a50	overlay
0x005d6a70	196	2	1	FUN_005d6a70	overlay
0x005d6b40	64	4	0	FUN_005d6b40	overlay
0x005d6b80	136	2	0	FUN_005d6b80	overlay
0x005d6c10	116	2	1	FUN_005d6c10	overlay
0x005d6c90	80	2	1	FUN_005d6c90	overlay
0x005d6ce0	100	4	1	FUN_005d6ce0	overlay
0x005d6d50	828	1	2	FUN_005d6d50	overlay
0x005d7090	24	1	1	FUN_005d7090	overlay
0x005d70b0	236	1	2	FUN_005d70b0	overlay
0x005d71a0	60	1	1	FUN_005d71a0	overlay
0x005d71e0	228	1	2	FUN_005d71e0	overlay
0x005d72d0	60	1	1	FUN_005d72d0	overlay
0x005d7310	16	4	0	FUN_005d7310	overlay
0x005d7320	160	1	2	FUN_005d7320	overlay
0x005d73c0	80	1	2	FUN_005d73c0	overlay
0x005d7410	16	10	0	FUN_005d7410	overlay
0x005d7420	128	0	2	FUN_005d7420	overlay
0x005d74a0	148	5	3	FUN_005d74a0	overlay
0x005d7540	324	4	1	FUN_005d7540	overlay
0x005d7690	32	3	0	FUN_005d7690	overlay
0x005d76b0	164	1	4	FUN_005d76b0	overlay
0x005d7760	368	1	6	FUN_005d7760	overlay
0x005d78d0	268	1	4	FUN_005d78d0	overlay
0x005d79e0	76	1	2	FUN_005d79e0	overlay
0x005d7a30	304	1	6	FUN_005d7a30	overlay
0x005d7b60	392	1	1	FUN_005d7b60	overlay
0x005d7cf0	260	2	1	FUN_005d7cf0	overlay
0x005d7e00	376	1	5	FUN_005d7e00	overlay
0x005d7f80	320	1	5	FUN_005d7f80	overlay
0x005d80c0	228	1	3	FUN_005d80c0	overlay
0x005d81b0	400	1	1	FUN_005d81b0	overlay
0x005d8340	1276	8	8	FUN_005d8340	overlay
0x005d8840	232	1	3	FUN_005d8840	overlay
0x005d8930	144	2	0	FUN_005d8930	overlay
  0x005d89c0  size=    8  callers= 1  callees= 0  thunk_FUN_005c8ed0
0x005d89d0	152	1	0	FUN_005d89d0	overlay
0x005d8a70	48	1	0	FUN_005d8a70	overlay
0x005d8aa0	92	1	1	FUN_005d8aa0	overlay
0x005d8b00	140	2	1	FUN_005d8b00	overlay
0x005d8b90	244	1	2	FUN_005d8b90	overlay
0x005d8c90	196	1	2	FUN_005d8c90	overlay
0x005d8d60	160	1	2	FUN_005d8d60	overlay
0x005d8e00	160	1	2	FUN_005d8e00	overlay
0x005d8ea0	236	1	3	FUN_005d8ea0	overlay
0x005d8f90	160	1	2	FUN_005d8f90	overlay
0x005d9030	296	1	2	FUN_005d9030	overlay
0x005d9160	296	1	2	FUN_005d9160	overlay
0x005d9290	88	1	1	FUN_005d9290	overlay
0x005d92f0	88	1	1	FUN_005d92f0	overlay
0x005d9350	148	2	2	FUN_005d9350	overlay
0x005d93f0	88	2	1	FUN_005d93f0	overlay
0x005d9450	204	1	2	FUN_005d9450	overlay
0x005d9520	204	1	2	FUN_005d9520	overlay
0x005d95f0	168	1	2	FUN_005d95f0	overlay
0x005d96a0	232	1	3	FUN_005d96a0	overlay
0x005d9790	248	2	3	FUN_005d9790	overlay
0x005d9890	164	1	1	FUN_005d9890	overlay
0x005d9940	384	1	2	FUN_005d9940	overlay
0x005d9ac0	272	1	2	FUN_005d9ac0	overlay
0x005d9bd0	196	1	2	FUN_005d9bd0	overlay
0x005d9ca0	196	1	2	FUN_005d9ca0	overlay
0x005d9d70	88	1	1	FUN_005d9d70	overlay
0x005d9dd0	88	2	1	FUN_005d9dd0	overlay
0x005d9e30	104	1	0	FUN_005d9e30	overlay
0x005d9ea0	1220	1	0	FUN_005d9ea0	overlay
0x005da370	176	1	1	FUN_005da370	overlay
0x005da420	12	1	1	FUN_005da420	overlay
0x005da430	128	1	0	FUN_005da430	overlay
0x005da4b0	76	1	0	FUN_005da4b0	overlay
0x005da500	336	1	1	FUN_005da500	overlay
0x005da650	212	18	0	FUN_005da650	overlay
0x005da730	76	4	0	FUN_005da730	overlay
0x005da780	328	2	0	FUN_005da780	overlay
0x005da8e0	160	1	1	FUN_005da8e0	overlay
0x005daba0	648	0	4	FUN_005daba0	overlay
0x005dae40	160	1	1	FUN_005dae40	overlay
0x005daf30	492	0	5	FUN_005daf30	overlay
0x005db130	228	1	1	FUN_005db130	overlay
0x005db300	952	0	2	FUN_005db300	overlay
0x005db6d0	228	1	1	FUN_005db6d0	overlay
0x005db8a0	596	0	2	FUN_005db8a0	overlay
0x005dbb10	256	1	1	FUN_005dbb10	overlay
0x005dbca0	584	0	5	FUN_005dbca0	overlay
0x005dbf00	164	1	1	FUN_005dbf00	overlay
0x005dc010	460	0	6	FUN_005dc010	overlay
0x005dc1e0	196	1	2	FUN_005dc1e0	overlay
0x005dc2b0	232	1	4	FUN_005dc2b0	overlay
0x005dc3b0	160	1	1	FUN_005dc3b0	overlay
0x005dc4b0	1452	0	2	FUN_005dc4b0	overlay
0x005dca70	192	1	1	FUN_005dca70	overlay
0x005dcb90	2044	0	4	FUN_005dcb90	overlay
0x005dd3b0	164	1	1	FUN_005dd3b0	overlay
0x005dd660	700	0	8	FUN_005dd660	overlay
0x005dd920	56	7	0	FUN_005dd920	overlay
0x005dd960	200	1	2	FUN_005dd960	overlay
0x005dda30	272	5	1	FUN_005dda30	overlay
0x005ddb40	220	11	1	FUN_005ddb40	overlay
0x005ddc20	480	10	0	FUN_005ddc20	overlay
0x005dde10	732	1	0	FUN_005dde10	overlay
0x005de0f0	28	3	0	FUN_005de0f0	overlay
0x005de110	80	2	1	FUN_005de110	overlay
0x005de160	12	1	0	FUN_005de160	overlay
0x005de170	296	2	1	FUN_005de170	overlay
0x005de2a0	136	7	0	FUN_005de2a0	overlay
0x005de330	796	10	0	FUN_005de330	overlay
0x005de660	204	1	0	FUN_005de660	overlay
0x005de730	232	0	0	FUN_005de730	overlay
0x005de820	88	1	0	FUN_005de820	overlay
0x005de880	76	1	0	FUN_005de880	overlay
0x005de8d0	208	1	1	FUN_005de8d0	overlay
0x005de9a0	104	1	0	FUN_005de9a0	overlay
0x005dea10	232	0	3	FUN_005dea10	overlay
0x005deb00	688	1	0	FUN_005deb00	overlay
0x005dedb0	8	1	0	FUN_005dedb0	overlay
0x005dedc0	44	8	0	FUN_005dedc0	overlay
0x005dedf0	8	6	0	FUN_005dedf0	overlay
0x005dee00	64	1	2	FUN_005dee00	overlay
0x005dee40	32	3	0	FUN_005dee40	overlay
0x005dee60	52	3	0	FUN_005dee60	overlay
0x005deea0	52	2	0	FUN_005deea0	overlay
0x005deee0	76	2	0	FUN_005deee0	overlay
0x005def30	232	2	1	FUN_005def30	overlay
0x005df020	52	1	0	FUN_005df020	overlay
0x005df060	68	2	0	FUN_005df060	overlay
0x005df0b0	84	1	0	FUN_005df0b0	overlay
0x005df110	96	1	0	FUN_005df110	overlay
0x005df170	460	1	7	FUN_005df170	overlay
0x005df340	692	2	9	FUN_005df340	overlay
0x005df600	60	1	0	FUN_005df600	overlay
0x005df640	192	1	2	FUN_005df640	overlay
0x005df700	128	1	0	FUN_005df700	overlay
0x005df780	44	5	1	FUN_005df780	overlay
0x005df7b0	724	2	2	FUN_005df7b0	overlay
0x005dfa90	104	1	0	FUN_005dfa90	overlay
0x005dfb00	192	1	0	FUN_005dfb00	overlay
0x005dfbc0	276	2	0	FUN_005dfbc0	overlay
  0x005dfce0  size=    8  callers= 2  callees= 0  thunk_EXT_FUN_001ae3e0
0x005dfcf0	92	2	0	FUN_005dfcf0	overlay
0x005dfd50	48	1	0	FUN_005dfd50	overlay
0x005dfd80	88	1	0	FUN_005dfd80	overlay
0x005dfde0	248	10	1	FUN_005dfde0	overlay
0x005dfee0	172	11	1	FUN_005dfee0	overlay
0x005dff90	96	2	0	FUN_005dff90	overlay
0x005dfff0	96	0	0	FUN_005dfff0	overlay
0x005e0050	144	1	0	FUN_005e0050	overlay
0x005e00e0	84	9	0	FUN_005e00e0	overlay
0x005e0140	292	1	0	FUN_005e0140	overlay
0x005e0270	112	1	1	FUN_005e0270	overlay
0x005e02e0	64	2	0	FUN_005e02e0	overlay
0x005e0320	112	2	0	FUN_005e0320	overlay
0x005e0390	176	1	0	FUN_005e0390	overlay
0x005e0440	208	6	1	FUN_005e0440	overlay
0x005e0510	96	1	1	FUN_005e0510	overlay
0x005e0570	588	2	2	FUN_005e0570	overlay
0x005e07c0	3596	7	3	FUN_005e07c0	overlay
0x005e15e0	140	2	1	FUN_005e15e0	overlay
0x005e1670	820	5	2	FUN_005e1670	overlay
0x005e19b0	116	2	2	FUN_005e19b0	overlay
0x005e1a30	112	2	2	FUN_005e1a30	overlay
0x005e1aa0	760	2	1	FUN_005e1aa0	overlay
0x005e1da0	388	3	1	FUN_005e1da0	overlay
0x005e1f30	244	2	0	FUN_005e1f30	overlay
0x005e2030	36	1	1	FUN_005e2030	overlay
0x005e2060	1788	3	6	FUN_005e2060	overlay
0x005e2760	2060	1	5	FUN_005e2760	overlay
0x005e2fa0	2744	1	10	FUN_005e2fa0	overlay
0x005e3a80	3520	1	4	FUN_005e3a80	overlay
0x005e4840	668	1	3	FUN_005e4840	overlay
0x005e4af0	8	1	0	FUN_005e4af0	overlay
0x005e4b00	1036	1	5	FUN_005e4b00	overlay
0x005e4f10	744	1	5	FUN_005e4f10	overlay
0x005e5200	1100	1	5	FUN_005e5200	overlay
0x005e5650	704	1	5	FUN_005e5650	overlay
0x005e5910	1336	1	1	FUN_005e5910	overlay
0x005e5e50	300	2	0	FUN_005e5e50	overlay
0x005e5f80	312	1	0	FUN_005e5f80	overlay
0x005e60c0	1388	1	2	FUN_005e60c0	overlay
0x005e6630	368	1	0	FUN_005e6630	overlay
0x005e67a0	1452	1	4	FUN_005e67a0	overlay
0x005e6d50	792	1	0	FUN_005e6d50	overlay
0x005e7070	1680	1	4	FUN_005e7070	overlay
0x005e7710	800	1	2	FUN_005e7710	overlay
0x005e7a30	1012	1	5	FUN_005e7a30	overlay
0x005e7e30	1144	1	7	FUN_005e7e30	overlay
0x005e82b0	12	1	0	FUN_005e82b0	overlay
0x005e82c0	228	3	0	FUN_005e82c0	overlay
0x005e83c0	240	0	0	FUN_005e83c0	overlay
0x005e84b0	32	0	1	FUN_005e84b0	overlay
0x005e84d0	32	0	1	FUN_005e84d0	overlay
0x005e8510	32	0	1	FUN_005e8510	overlay
0x005e8530	80	0	2	FUN_005e8530	overlay
0x005e8580	120	0	2	FUN_005e8580	overlay
0x005e8600	136	0	2	FUN_005e8600	overlay
0x005e8690	48	0	1	FUN_005e8690	overlay
0x005e86c0	44	0	1	FUN_005e86c0	overlay
0x005e86f0	48	0	1	FUN_005e86f0	overlay
0x005e8720	44	0	1	FUN_005e8720	overlay
0x005e8750	192	0	2	FUN_005e8750	overlay
0x005e8810	164	0	1	FUN_005e8810	overlay
0x005e88c0	152	0	3	FUN_005e88c0	overlay
0x005e8960	40	0	2	FUN_005e8960	overlay
0x005e8990	84	0	2	FUN_005e8990	overlay
0x005e89f0	216	0	2	FUN_005e89f0	overlay
0x005e8ad0	112	0	2	FUN_005e8ad0	overlay
0x005e8b40	96	0	2	FUN_005e8b40	overlay
0x005e8ba0	104	0	1	FUN_005e8ba0	overlay
0x005e8c10	132	0	2	FUN_005e8c10	overlay
0x005e8ca0	104	0	1	FUN_005e8ca0	overlay
0x005e8d10	32	0	1	FUN_005e8d10	overlay
0x005e8d30	48	0	3	FUN_005e8d30	overlay
0x005e8d60	40	0	2	FUN_005e8d60	overlay
0x005e8d90	44	0	1	FUN_005e8d90	overlay
0x005e8dc0	56	0	2	FUN_005e8dc0	overlay
0x005e8e00	56	0	2	FUN_005e8e00	overlay
0x005e8e40	60	0	2	FUN_005e8e40	overlay
0x005e8e80	44	0	1	FUN_005e8e80	overlay
0x005e8eb0	32	0	1	FUN_005e8eb0	overlay
0x005e8ed0	48	0	1	FUN_005e8ed0	overlay
0x005e8f00	52	0	0	FUN_005e8f00	overlay
0x005e8f40	48	0	0	FUN_005e8f40	overlay
0x005e8f70	44	0	1	FUN_005e8f70	overlay
0x005e8fa0	484	0	1	FUN_005e8fa0	overlay
0x005e9190	44	0	1	FUN_005e9190	overlay
0x005e91c0	44	0	1	FUN_005e91c0	overlay
0x005e91f0	116	0	1	FUN_005e91f0	overlay
0x005e9270	44	0	1	FUN_005e9270	overlay
0x005e92a0	44	0	1	FUN_005e92a0	overlay
0x005e92d0	44	0	1	FUN_005e92d0	overlay
0x005e9300	44	0	1	FUN_005e9300	overlay
0x005e9330	44	0	1	FUN_005e9330	overlay
0x005e9360	32	1	1	FUN_005e9360	overlay
0x005e9380	56	0	1	FUN_005e9380	overlay
0x005e93c0	44	0	1	FUN_005e93c0	overlay
0x005e93f0	76	0	1	FUN_005e93f0	overlay
0x005e9440	72	0	1	FUN_005e9440	overlay
0x005e9490	40	0	2	FUN_005e9490	overlay
0x005e94c0	68	0	2	FUN_005e94c0	overlay
0x005e9510	44	0	1	FUN_005e9510	overlay
0x005e9540	60	0	2	FUN_005e9540	overlay
0x005e9580	88	0	2	FUN_005e9580	overlay
0x005e95e0	116	0	2	FUN_005e95e0	overlay
0x005e9680	32	0	1	FUN_005e9680	overlay
0x005e96a0	44	0	1	FUN_005e96a0	overlay
0x005e96d0	56	0	2	FUN_005e96d0	overlay
0x005e9710	56	0	2	FUN_005e9710	overlay
0x005e9750	60	0	2	FUN_005e9750	overlay
0x005e9790	60	3	1	FUN_005e9790	overlay
0x005e97d0	100	0	1	FUN_005e97d0	overlay
0x005e9840	72	0	1	FUN_005e9840	overlay
0x005e9890	44	0	1	FUN_005e9890	overlay
0x005e98e0	44	0	1	FUN_005e98e0	overlay
0x005e9910	44	0	1	FUN_005e9910	overlay
0x005e9940	128	0	1	FUN_005e9940	overlay
0x005e99c0	60	0	2	FUN_005e99c0	overlay
0x005e9a10	116	0	1	FUN_005e9a10	overlay
0x005e9a90	68	0	2	FUN_005e9a90	overlay
0x005e9ae0	60	0	1	FUN_005e9ae0	overlay
0x005e9b20	76	0	2	FUN_005e9b20	overlay
0x005e9b70	92	0	2	FUN_005e9b70	overlay
0x005e9bd0	96	0	2	FUN_005e9bd0	overlay
0x005e9c30	64	0	2	FUN_005e9c30	overlay
0x005e9c70	48	0	2	FUN_005e9c70	overlay
0x005e9ca0	44	0	1	FUN_005e9ca0	overlay
0x005e9cd0	44	0	1	FUN_005e9cd0	overlay
0x005e9d00	32	0	1	FUN_005e9d00	overlay
0x005e9d20	40	0	2	FUN_005e9d20	overlay
0x005e9d50	64	0	2	FUN_005e9d50	overlay
0x005e9d90	56	0	1	FUN_005e9d90	overlay
0x005e9dd0	44	0	1	FUN_005e9dd0	overlay
0x005e9e00	32	0	1	FUN_005e9e00	overlay
0x005e9e20	68	0	2	FUN_005e9e20	overlay
0x005e9e70	48	0	0	FUN_005e9e70	overlay
0x005e9ea0	76	0	1	FUN_005e9ea0	overlay
0x005e9ef0	72	0	2	FUN_005e9ef0	overlay
0x005e9f40	52	0	1	FUN_005e9f40	overlay
0x005e9f80	112	0	1	FUN_005e9f80	overlay
0x005e9ff0	156	0	1	FUN_005e9ff0	overlay
0x005ea090	132	0	1	FUN_005ea090	overlay
0x005ea120	104	0	1	FUN_005ea120	overlay
0x005ea190	328	0	3	FUN_005ea190	overlay
0x005ea420	116	0	3	FUN_005ea420	overlay
0x005ea4a0	116	0	3	FUN_005ea4a0	overlay
0x005ea520	120	0	1	FUN_005ea520	overlay
0x005ea5a0	120	0	1	FUN_005ea5a0	overlay
0x005ea620	120	0	1	FUN_005ea620	overlay
0x005ea6a0	120	0	1	FUN_005ea6a0	overlay
0x005ea720	120	0	1	FUN_005ea720	overlay
0x005ea7a0	120	0	1	FUN_005ea7a0	overlay
0x005ea820	88	0	4	FUN_005ea820	overlay
0x005ea880	120	0	5	FUN_005ea880	overlay
0x005ea900	136	2	4	FUN_005ea900	overlay
0x005ea990	120	0	2	FUN_005ea990	overlay
0x005eaa10	88	0	2	FUN_005eaa10	overlay
0x005eaa70	88	0	2	FUN_005eaa70	overlay
0x005eaad0	152	0	2	FUN_005eaad0	overlay
0x005eab70	88	0	2	FUN_005eab70	overlay
0x005eabd0	108	0	2	FUN_005eabd0	overlay
0x005eac40	88	0	2	FUN_005eac40	overlay
0x005eaca0	44	0	1	FUN_005eaca0	overlay
0x005eacd0	1052	3	5	FUN_005eacd0	overlay
0x005eb0f0	212	0	4	FUN_005eb0f0	overlay
0x005eb1d0	120	0	4	FUN_005eb1d0	overlay
0x005eb250	168	4	2	FUN_005eb250	overlay
0x005eb300	68	0	2	FUN_005eb300	overlay
0x005eb350	68	0	2	FUN_005eb350	overlay
0x005eb3a0	76	0	2	FUN_005eb3a0	overlay
0x005eb3f0	428	3	1	FUN_005eb3f0	overlay
0x005eb5a0	152	0	4	FUN_005eb5a0	overlay
0x005eb640	176	0	5	FUN_005eb640	overlay
0x005eb6f0	88	0	3	FUN_005eb6f0	overlay
0x005eb750	120	0	4	FUN_005eb750	overlay
0x005eb7d0	448	3	8	FUN_005eb7d0	overlay
0x005eb990	96	0	2	FUN_005eb990	overlay
0x005eb9f0	96	0	2	FUN_005eb9f0	overlay
0x005eba50	152	0	2	FUN_005eba50	overlay
0x005ebaf0	88	0	2	FUN_005ebaf0	overlay
0x005ebb50	120	0	2	FUN_005ebb50	overlay
0x005ebbd0	120	0	2	FUN_005ebbd0	overlay
0x005ebc50	108	0	2	FUN_005ebc50	overlay
0x005ebcf0	44	0	1	FUN_005ebcf0	overlay
0x005ebd20	992	3	7	FUN_005ebd20	overlay
0x005ec100	100	10	0	FUN_005ec100	overlay
0x005ec170	60	14	0	FUN_005ec170	overlay
0x005ec1b0	364	54	0	FUN_005ec1b0	overlay
0x005ec320	272	2	0	FUN_005ec320	overlay
0x005ec430	184	1	0	FUN_005ec430	overlay
0x005ec4f0	340	7	0	FUN_005ec4f0	overlay
0x005ec650	116	15	0	FUN_005ec650	overlay
0x005ec6d0	304	3	0	FUN_005ec6d0	overlay
0x005ec800	172	1	0	FUN_005ec800	overlay
0x005ec8b0	108	1	0	FUN_005ec8b0	overlay
0x005ec920	232	7	0	FUN_005ec920	overlay
0x005eca10	1216	2	4	FUN_005eca10	overlay
0x005eced0	76	5	0	FUN_005eced0	overlay
0x005ecf20	412	1	3	FUN_005ecf20	overlay
0x005ed0c0	160	2	2	FUN_005ed0c0	overlay
0x005ed160	52	4	0	FUN_005ed160	overlay
0x005ed1a0	68	6	0	FUN_005ed1a0	overlay
0x005ed1f0	576	2	4	FUN_005ed1f0	overlay
0x005ed430	48	6	0	FUN_005ed430	overlay
0x005ed460	196	3	3	FUN_005ed460	overlay
0x005ed530	256	1	3	FUN_005ed530	overlay
0x005ed630	176	3	0	FUN_005ed630	overlay
0x005ed6e0	1364	2	10	FUN_005ed6e0	overlay
0x005edc40	468	1	3	FUN_005edc40	overlay
0x005ede30	76	2	1	FUN_005ede30	overlay
0x005ede80	388	2	1	FUN_005ede80	overlay
0x005ee010	520	1	4	FUN_005ee010	overlay
0x005ee220	580	2	3	FUN_005ee220	overlay
0x005ee470	280	1	2	FUN_005ee470	overlay
0x005ee590	120	2	0	FUN_005ee590	overlay
0x005ee610	556	2	4	FUN_005ee610	overlay
0x005ee840	216	1	4	FUN_005ee840	overlay
0x005ee920	128	2	0	FUN_005ee920	overlay
0x005ee9a0	72	2	0	FUN_005ee9a0	overlay
0x005ee9f0	112	2	0	FUN_005ee9f0	overlay
0x005eea60	572	3	5	FUN_005eea60	overlay
0x005eeca0	156	3	1	FUN_005eeca0	overlay
0x005eed40	188	2	2	FUN_005eed40	overlay
0x005eee00	368	7	1	FUN_005eee00	overlay
0x005eef70	208	20	4	FUN_005eef70	overlay
0x005ef040	152	13	5	FUN_005ef040	overlay
0x005ef0e0	180	14	5	FUN_005ef0e0	overlay
0x005ef1a0	88	1	0	FUN_005ef1a0	overlay
0x005ef200	24	5	0	FUN_005ef200	overlay
0x005ef220	348	5	3	FUN_005ef220	overlay
0x005ef380	108	2	1	FUN_005ef380	overlay
0x005ef3f0	256	1	4	FUN_005ef3f0	overlay
0x005ef4f0	92	1	1	FUN_005ef4f0	overlay
0x005ef550	88	3	0	FUN_005ef550	overlay
0x005ef5b0	44	4	0	FUN_005ef5b0	overlay
0x005ef5e0	84	6	0	FUN_005ef5e0	overlay
0x005ef640	312	2	0	FUN_005ef640	overlay
0x005ef780	196	14	0	FUN_005ef780	overlay
0x005ef850	520	13	0	FUN_005ef850	overlay
0x005efa60	116	2	0	FUN_005efa60	overlay
0x005efae0	72	2	0	FUN_005efae0	overlay
0x005efb30	296	1	0	FUN_005efb30	overlay
0x005efc60	864	1	0	FUN_005efc60	overlay
0x005effc0	172	1	0	FUN_005effc0	overlay
0x005f0070	60	1	0	FUN_005f0070	overlay
0x005f00b0	212	3	0	FUN_005f00b0	overlay
0x005f0190	368	1	0	FUN_005f0190	overlay
0x005f0300	60	1	0	FUN_005f0300	overlay
0x005f0340	256	1	2	FUN_005f0340	overlay
0x005f0440	60	1	0	FUN_005f0440	overlay
0x005f0480	860	2	1	FUN_005f0480	overlay
0x005f07e0	220	1	0	FUN_005f07e0	overlay
0x005f08c0	100	2	0	FUN_005f08c0	overlay
0x005f0930	224	1	5	FUN_005f0930	overlay
0x005f0a10	272	1	4	FUN_005f0a10	overlay
0x005f0b20	748	1	1	FUN_005f0b20	overlay
0x005f0e10	648	8	8	FUN_005f0e10	overlay
0x005f10a0	1224	3	10	FUN_005f10a0	overlay
0x005f1570	308	1	3	FUN_005f1570	overlay
0x005f16b0	968	1	0	FUN_005f16b0	overlay
0x005f1a80	792	1	0	FUN_005f1a80	overlay
0x005f1da0	1104	1	2	FUN_005f1da0	overlay
0x005f21f0	132	1	2	FUN_005f21f0	overlay
0x005f2280	312	1	2	FUN_005f2280	overlay
0x005f23c0	144	1	0	FUN_005f23c0	overlay
0x005f2450	700	1	4	FUN_005f2450	overlay
0x005f2710	556	1	1	FUN_005f2710	overlay
0x005f2940	452	1	1	FUN_005f2940	overlay
0x005f2b10	820	1	2	FUN_005f2b10	overlay
0x005f2e50	768	1	2	FUN_005f2e50	overlay
0x005f3150	224	2	2	FUN_005f3150	overlay
0x005f3230	212	3	4	FUN_005f3230	overlay
0x005f3310	268	1	5	FUN_005f3310	overlay
0x005f3420	1284	3	5	FUN_005f3420	overlay
0x005f3930	156	3	1	FUN_005f3930	overlay
0x005f39d0	228	2	4	FUN_005f39d0	overlay
0x005f3ac0	252	1	3	FUN_005f3ac0	overlay
0x005f3bc0	252	1	5	FUN_005f3bc0	overlay
0x005f3cc0	280	1	5	FUN_005f3cc0	overlay
0x005f3de0	76	0	2	FUN_005f3de0	overlay
0x005f3e30	276	1	5	FUN_005f3e30	overlay
0x005f3f50	156	1	5	FUN_005f3f50	overlay
0x005f3ff0	76	0	2	FUN_005f3ff0	overlay
0x005f4040	404	1	4	FUN_005f4040	overlay
0x005f41e0	52	1	3	FUN_005f41e0	overlay
0x005f4220	44	0	0	FUN_005f4220	overlay
0x005f4250	108	1	0	FUN_005f4250	overlay
0x005f42c0	384	2	1	FUN_005f42c0	overlay
0x005f4440	52	4	0	FUN_005f4440	overlay
0x005f4480	204	1	6	FUN_005f4480	overlay
0x005f4550	60	3	1	FUN_005f4550	overlay
0x005f4590	152	0	0	FUN_005f4590	overlay
0x005f4770	48	1	0	FUN_005f4770	overlay
0x005f47a0	52	1	0	FUN_005f47a0	overlay
0x005f47e0	820	1	0	FUN_005f47e0	overlay
0x005f4b20	80	1	0	FUN_005f4b20	overlay
0x005f4b70	12	7	1	FUN_005f4b70	overlay
0x005f4b80	92	5	1	FUN_005f4b80	overlay
0x005f4be0	600	5	10	FUN_005f4be0	overlay
0x005f4e40	136	1	0	FUN_005f4e40	overlay
0x005f4ed0	256	1	0	FUN_005f4ed0	overlay
0x005f4fd0	256	1	0	FUN_005f4fd0	overlay
0x005f50d0	528	1	2	FUN_005f50d0	overlay
0x005f52e0	32	1	0	FUN_005f52e0	overlay
0x005f5300	464	1	1	FUN_005f5300	overlay
0x005f54d0	984	4	6	FUN_005f54d0	overlay
0x005f58c0	176	1	1	FUN_005f58c0	overlay
0x005f5970	196	0	1	FUN_005f5970	overlay
0x005f5a40	464	1	0	FUN_005f5a40	overlay
0x005f5c10	76	1	1	FUN_005f5c10	overlay
0x005f5c60	564	1	0	FUN_005f5c60	overlay
0x005f5ea0	28	2	0	FUN_005f5ea0	overlay
0x005f5ec0	192	2	0	FUN_005f5ec0	overlay
0x005f5f80	96	2	2	FUN_005f5f80	overlay
0x005f5fe0	228	1	2	FUN_005f5fe0	overlay
0x005f60d0	252	1	2	FUN_005f60d0	overlay
0x005f61d0	264	1	0	FUN_005f61d0	overlay
0x005f62e0	460	1	5	FUN_005f62e0	overlay
0x005f64b0	344	0	0	FUN_005f64b0	overlay
0x005f6610	312	0	4	FUN_005f6610	overlay
0x005f6790	472	0	4	FUN_005f6790	overlay
0x005f6970	164	13	4	FUN_005f6970	overlay
0x005f6a20	128	2	2	FUN_005f6a20	overlay
0x005f6aa0	84	1	2	FUN_005f6aa0	overlay
0x005f6b00	536	1	12	FUN_005f6b00	overlay
0x005f6d20	896	1	19	FUN_005f6d20	overlay
0x005f70a0	12	2	0	FUN_005f70a0	overlay
0x005f70b0	448	1	4	FUN_005f70b0	overlay
0x005f7270	464	2	4	FUN_005f7270	overlay
0x005f7440	68	1	0	FUN_005f7440	overlay
0x005f74d0	156	3	2	FUN_005f74d0	overlay
0x005f7570	156	1	2	FUN_005f7570	overlay
0x005f7610	124	2	1	FUN_005f7610	overlay
0x005f7690	96	2	2	FUN_005f7690	overlay
0x005f76f0	268	1	10	FUN_005f76f0	overlay
0x005f7800	180	1	6	FUN_005f7800	overlay
0x005f78c0	580	1	9	FUN_005f78c0	overlay
0x005f7b30	324	0	5	FUN_005f7b30	overlay
0x005f7c80	680	1	4	FUN_005f7c80	overlay
0x005f7f30	244	1	5	FUN_005f7f30	overlay
0x005f8030	48	1	1	FUN_005f8030	overlay
0x005f8060	308	2	5	FUN_005f8060	overlay
0x005f8220	120	1	4	FUN_005f8220	overlay
0x005f82a0	156	0	2	FUN_005f82a0	overlay
0x005f8340	372	1	5	FUN_005f8340	overlay
0x005f84c0	284	0	7	FUN_005f84c0	overlay
0x005f85e0	892	0	4	FUN_005f85e0	overlay
0x005f8b50	196	4	2	FUN_005f8b50	overlay
0x005f8c20	212	3	3	FUN_005f8c20	overlay
0x005f8d00	52	6	0	FUN_005f8d00	overlay
0x005f8d40	224	1	8	FUN_005f8d40	overlay
0x005f8e20	152	1	5	FUN_005f8e20	overlay
0x005f8ec0	248	1	6	FUN_005f8ec0	overlay
0x005f8fc0	392	1	4	FUN_005f8fc0	overlay
0x005f9150	152	1	5	FUN_005f9150	overlay
0x005f91f0	136	1	5	FUN_005f91f0	overlay
0x005f9280	704	1	10	FUN_005f9280	overlay
0x005f9540	636	1	9	FUN_005f9540	overlay
0x005f97c0	500	1	5	FUN_005f97c0	overlay
0x005f99c0	484	1	6	FUN_005f99c0	overlay
0x005f9bb0	392	1	0	FUN_005f9bb0	overlay
0x005f9d40	272	2	0	FUN_005f9d40	overlay
0x005f9e50	272	1	2	FUN_005f9e50	overlay
0x005f9f60	324	1	1	FUN_005f9f60	overlay
0x005fa0b0	220	1	7	FUN_005fa0b0	overlay
0x005fa190	764	1	9	FUN_005fa190	overlay
0x005fa490	612	1	7	FUN_005fa490	overlay
0x005fa700	276	1	0	FUN_005fa700	overlay
0x005fa820	100	1	0	FUN_005fa820	overlay
0x005fa890	244	1	0	FUN_005fa890	overlay
0x005fa990	152	1	3	FUN_005fa990	overlay
0x005faa30	48	1	0	FUN_005faa30	overlay
0x005faa60	828	1	11	FUN_005faa60	overlay
0x005fada0	616	1	8	FUN_005fada0	overlay
0x005fb010	72	1	1	FUN_005fb010	overlay
0x005fb060	528	1	6	FUN_005fb060	overlay
0x005fb270	1004	1	8	FUN_005fb270	overlay
0x005fb670	156	7	4	FUN_005fb670	overlay
0x005fb710	128	1	4	FUN_005fb710	overlay
0x005fb790	208	1	4	FUN_005fb790	overlay
0x005fb860	336	1	5	FUN_005fb860	overlay
0x005fb9b0	208	1	4	FUN_005fb9b0	overlay
0x005fba80	360	3	5	FUN_005fba80	overlay
0x005fbbf0	1036	0	6	FUN_005fbbf0	overlay
0x005fc000	192	0	1	FUN_005fc000	overlay
0x005fc0c0	484	0	13	FUN_005fc0c0	overlay
0x005fc2b0	172	0	2	FUN_005fc2b0	overlay
0x005fc360	148	0	1	FUN_005fc360	overlay
0x005fc520	148	0	1	FUN_005fc520	overlay
0x005fc610	148	0	2	FUN_005fc610	overlay
0x005fc6b0	128	0	2	FUN_005fc6b0	overlay
0x005fc730	132	0	1	FUN_005fc730	overlay
0x005fc7c0	144	0	2	FUN_005fc7c0	overlay
0x005fc850	816	3	5	FUN_005fc850	overlay
0x005fcba0	200	0	3	FUN_005fcba0	overlay
0x005fcc70	1840	0	7	FUN_005fcc70	overlay
0x005fd630	796	0	1	FUN_005fd630	overlay
0x005fd9e0	1860	0	7	FUN_005fd9e0	overlay
0x005fe140	148	0	3	FUN_005fe140	overlay
0x005fe1e0	284	2	2	FUN_005fe1e0	overlay
0x005fe300	428	3	2	FUN_005fe300	overlay
0x005fe4b0	80	7	0	FUN_005fe4b0	overlay
0x005fe500	288	2	7	FUN_005fe500	overlay
0x005fe620	272	1	8	FUN_005fe620	overlay
0x005fe730	196	1	9	FUN_005fe730	overlay
0x005fe800	200	1	1	FUN_005fe800	overlay
0x005fe8d0	824	1	14	FUN_005fe8d0	overlay
0x005fec10	20	1	0	FUN_005fec10	overlay
0x005fec30	216	1	6	FUN_005fec30	overlay
0x005fed10	84	1	2	FUN_005fed10	overlay
0x005fed70	100	1	1	FUN_005fed70	overlay
0x005fede0	972	1	11	FUN_005fede0	overlay
0x005ff1b0	1212	1	4	FUN_005ff1b0	overlay
0x005ff690	196	1	4	FUN_005ff690	overlay
0x005ff760	204	1	4	FUN_005ff760	overlay
0x005ff830	148	2	4	FUN_005ff830	overlay
0x005ff8d0	116	1	2	FUN_005ff8d0	overlay
0x005ff950	160	1	6	FUN_005ff950	overlay
0x005ff9f0	152	1	5	FUN_005ff9f0	overlay
0x005ffa90	144	1	3	FUN_005ffa90	overlay
0x005ffb20	184	1	2	FUN_005ffb20	overlay
0x005ffbe0	480	1	2	FUN_005ffbe0	overlay
0x005ffdc0	792	1	3	FUN_005ffdc0	overlay
0x006000e0	228	1	0	FUN_006000e0	overlay
0x00600200	2200	1	9	FUN_00600200	overlay
0x00600aa0	180	1	0	FUN_00600aa0	overlay
0x00600b60	432	2	2	FUN_00600b60	overlay
0x00600d10	204	1	5	FUN_00600d10	overlay
0x00600de0	176	0	1	FUN_00600de0	overlay
0x00600e90	184	0	1	FUN_00600e90	overlay
0x00600f50	148	0	1	FUN_00600f50	overlay
0x00600ff0	112	0	1	FUN_00600ff0	overlay
0x00601060	112	0	2	FUN_00601060	overlay
0x006010d0	156	0	2	FUN_006010d0	overlay
0x00601170	236	0	2	FUN_00601170	overlay
0x00601420	160	0	2	FUN_00601420	overlay
0x006014c0	192	0	1	FUN_006014c0	overlay
0x00601580	272	0	1	FUN_00601580	overlay
0x00601690	104	0	1	FUN_00601690	overlay
0x00601700	92	0	2	FUN_00601700	overlay
0x00601760	356	1	5	FUN_00601760	overlay
0x006018d0	368	1	5	FUN_006018d0	overlay
0x00601ac0	308	1	1	FUN_00601ac0	overlay
0x00601c00	324	0	5	FUN_00601c00	overlay
0x00601d50	900	0	10	FUN_00601d50	overlay
0x006020e0	332	2	6	FUN_006020e0	overlay
0x00602230	268	1	5	FUN_00602230	overlay
0x00602340	712	0	8	FUN_00602340	overlay
0x00602670	132	1	0	FUN_00602670	overlay
0x00602700	4588	2	6	FUN_00602700	overlay
0x006038f0	80	1	0	FUN_006038f0	overlay
0x00603940	176	1	3	FUN_00603940	overlay
0x00603d30	28	1	0	FUN_00603d30	overlay
0x00603d50	28	2	0	FUN_00603d50	overlay
0x00603d70	28	2	0	FUN_00603d70	overlay
0x00603d90	168	1	1	FUN_00603d90	overlay
0x00603e40	228	4	3	FUN_00603e40	overlay
0x00603f30	588	1	5	FUN_00603f30	overlay
0x00604180	1508	1	14	FUN_00604180	overlay
0x00604770	148	1	0	FUN_00604770	overlay
0x00604810	68	4	0	FUN_00604810	overlay
0x00604860	144	9	0	FUN_00604860	overlay
0x006048f0	72	3	0	FUN_006048f0	overlay
0x00604940	104	1	0	FUN_00604940	overlay
0x006049b0	208	3	2	FUN_006049b0	overlay
0x00604a80	104	2	1	FUN_00604a80	overlay
0x00604af0	412	1	4	FUN_00604af0	overlay
0x00604c90	480	0	1	FUN_00604c90	overlay
0x00604e70	540	0	6	FUN_00604e70	overlay
0x006050d0	536	0	5	FUN_006050d0	overlay
0x006052f0	228	1	5	FUN_006052f0	overlay
0x006053e0	72	1	1	FUN_006053e0	overlay
0x00605430	596	1	4	FUN_00605430	overlay
0x00605690	248	0	4	FUN_00605690	overlay
0x00605790	520	0	5	FUN_00605790	overlay
0x00605a90	624	0	5	FUN_00605a90	overlay
0x00605d00	40	2	0	FUN_00605d00	overlay
0x00605d30	48	2	1	FUN_00605d30	overlay
0x00605d60	544	1	1	FUN_00605d60	overlay
0x00605f80	20	2	0	FUN_00605f80	overlay
0x00605fa0	84	1	1	FUN_00605fa0	overlay
0x00606000	916	1	1	FUN_00606000	overlay
0x006063a0	20	1	0	FUN_006063a0	overlay
0x006063c0	248	1	8	FUN_006063c0	overlay
0x006064c0	84	1	1	FUN_006064c0	overlay
0x00606520	228	1	2	FUN_00606520	overlay
0x00606610	268	1	0	FUN_00606610	overlay
0x00606720	92	1	0	FUN_00606720	overlay
0x00606780	508	1	5	FUN_00606780	overlay
0x00606980	24	1	0	FUN_00606980	overlay
  0x006069a0  size=    8  callers= 1  callees= 0  thunk_FUN_005f4480
0x006069b0	104	1	5	FUN_006069b0	overlay
0x00606a20	48	1	0	FUN_00606a20	overlay
0x00606a50	20	3	0	FUN_00606a50	overlay
0x00606a70	68	3	0	FUN_00606a70	overlay
0x00606ac0	48	3	1	FUN_00606ac0	overlay
0x00606af0	392	1	7	FUN_00606af0	overlay
0x00606c80	48	2	0	FUN_00606c80	overlay
0x00606cb0	60	1	2	FUN_00606cb0	overlay
0x00606cf0	168	1	7	FUN_00606cf0	overlay
0x00606da0	56	2	0	FUN_00606da0	overlay
0x00606de0	96	1	0	FUN_00606de0	overlay
0x00606e40	96	2	4	FUN_00606e40	overlay
0x00606ea0	104	3	0	FUN_00606ea0	overlay
0x00606f10	68	6	0	FUN_00606f10	overlay
0x00606f60	64	3	0	FUN_00606f60	overlay
0x00606fa0	20	3	0	FUN_00606fa0	overlay
0x00606fc0	660	1	15	FUN_00606fc0	overlay
0x00607260	220	1	4	FUN_00607260	overlay
0x00607340	36	1	0	FUN_00607340	overlay
0x00607370	616	1	9	FUN_00607370	overlay
0x006075e0	216	1	7	FUN_006075e0	overlay
0x006076c0	828	1	20	FUN_006076c0	overlay
0x00607a10	164	3	5	FUN_00607a10	overlay
0x00607ac0	68	1	3	FUN_00607ac0	overlay
0x00607b10	188	1	1	FUN_00607b10	overlay
0x00607bd0	288	1	2	FUN_00607bd0	overlay
0x00607cf0	204	1	3	FUN_00607cf0	overlay
0x00607dc0	420	1	4	FUN_00607dc0	overlay
0x00607f70	112	1	3	FUN_00607f70	overlay
0x00607fe0	164	0	0	FUN_00607fe0	overlay
0x00608090	56	1	1	FUN_00608090	overlay
0x006080d0	516	0	5	FUN_006080d0	overlay
0x006082e0	32	1	0	FUN_006082e0	overlay
0x00608300	876	1	9	FUN_00608300	overlay
0x00608670	16	3	0	FUN_00608670	overlay
0x00608680	172	2	0	FUN_00608680	overlay
0x00608730	40	1	0	FUN_00608730	overlay
0x00608760	216	1	0	FUN_00608760	overlay
0x00608840	84	1	0	FUN_00608840	overlay
  0x006088a0  size=    8  callers= 4  callees= 0  thunk_FUN_006235f0
0x006088b0	512	1	11	FUN_006088b0	overlay
0x00608ab0	180	4	1	FUN_00608ab0	overlay
0x00608b70	260	1	1	FUN_00608b70	overlay
0x00608c80	3820	1	7	FUN_00608c80	overlay
0x00609b70	104	1	1	FUN_00609b70	overlay
0x00609be0	116	1	0	FUN_00609be0	overlay
0x00609c60	2532	1	2	FUN_00609c60	overlay
0x0060a650	24	2	0	FUN_0060a650	overlay
0x0060a670	1348	1	0	FUN_0060a670	overlay
0x0060abc0	100	2	1	FUN_0060abc0	overlay
0x0060ac30	120	2	1	FUN_0060ac30	overlay
0x0060acb0	360	1	4	FUN_0060acb0	overlay
0x0060ae20	20	1	1	FUN_0060ae20	overlay
0x0060ae40	1488	1	2	FUN_0060ae40	overlay
0x0060b410	1300	2	0	FUN_0060b410	overlay
0x0060b930	268	1	1	FUN_0060b930	overlay
0x0060ba40	532	1	1	FUN_0060ba40	overlay
0x0060bc60	56	1	0	FUN_0060bc60	overlay
0x0060bca0	424	2	0	FUN_0060bca0	overlay
0x0060be50	400	0	0	FUN_0060be50	overlay
  0x0060bfe0  size=    8  callers= 1  callees= 1  thunk_FUN_0060c0f0
0x0060c000	160	1	0	FUN_0060c000	overlay
0x0060c0a0	76	1	0	FUN_0060c0a0	overlay
0x0060c0f0	220	2	1	FUN_0060c0f0	overlay
0x0060c1d0	88	0	0	FUN_0060c1d0	overlay
0x0060c230	16	3	1	FUN_0060c230	overlay
  0x0060c240  size=    8  callers= 1  callees= 0  thunk_FUN_0060c000
0x0060c250	128	1	0	FUN_0060c250	overlay
0x0060c2d0	84	2	0	FUN_0060c2d0	overlay
0x0060c330	604	1	0	FUN_0060c330	overlay
0x0060c5a0	228	1	1	FUN_0060c5a0	overlay
0x0060c690	76	1	1	FUN_0060c690	overlay
0x0060c6e0	768	1	6	FUN_0060c6e0	overlay
0x0060c9e0	160	2	1	FUN_0060c9e0	overlay
0x0060ca90	148	3	0	FUN_0060ca90	overlay
0x0060cb40	1660	1	5	FUN_0060cb40	overlay
0x0060d1d0	716	1	2	FUN_0060d1d0	overlay
0x0060d4a0	68	2	0	FUN_0060d4a0	overlay
0x0060d4f0	536	1	7	FUN_0060d4f0	overlay
0x0060d710	540	1	0	FUN_0060d710	overlay
0x0060d930	332	1	0	FUN_0060d930	overlay
0x0060da80	528	1	0	FUN_0060da80	overlay
0x0060dc90	452	1	0	FUN_0060dc90	overlay
0x0060de60	52	1	0	FUN_0060de60	overlay
0x0060dea0	444	1	7	FUN_0060dea0	overlay
0x0060e060	248	1	6	FUN_0060e060	overlay
0x0060e160	96	1	2	FUN_0060e160	overlay
0x0060e1c0	140	3	0	FUN_0060e1c0	overlay
0x0060e250	488	1	4	FUN_0060e250	overlay
0x0060e440	324	1	3	FUN_0060e440	overlay
0x0060e590	204	1	1	FUN_0060e590	overlay
0x0060e660	160	1	0	FUN_0060e660	overlay
0x0060e710	260	1	2	FUN_0060e710	overlay
0x0060e820	400	2	3	FUN_0060e820	overlay
0x0060e9b0	168	2	0	FUN_0060e9b0	overlay
0x0060ea60	56	3	0	FUN_0060ea60	overlay
0x0060eaa0	244	5	0	FUN_0060eaa0	overlay
0x0060eba0	184	3	3	FUN_0060eba0	overlay
0x0060ec60	212	3	3	FUN_0060ec60	overlay
0x0060ed40	316	1	6	FUN_0060ed40	overlay
0x0060ee80	152	1	3	FUN_0060ee80	overlay
0x0060ef20	204	3	4	FUN_0060ef20	overlay
0x0060eff0	200	1	5	FUN_0060eff0	overlay
0x0060f0c0	36	1	0	FUN_0060f0c0	overlay
0x0060f0f0	92	2	0	FUN_0060f0f0	overlay
0x0060f150	28	1	0	FUN_0060f150	overlay
0x0060f170	60	1	0	FUN_0060f170	overlay
0x0060f1b0	92	1	0	FUN_0060f1b0	overlay
0x0060f210	172	1	0	FUN_0060f210	overlay
0x0060f2c0	136	2	0	FUN_0060f2c0	overlay
0x0060f350	300	1	0	FUN_0060f350	overlay
0x0060f480	340	1	0	FUN_0060f480	overlay
0x0060f5e0	156	1	0	FUN_0060f5e0	overlay
0x0060f680	428	1	0	FUN_0060f680	overlay
0x0060f830	36	7	0	FUN_0060f830	overlay
0x0060f860	32	5	0	FUN_0060f860	overlay
0x0060f880	44	2	0	FUN_0060f880	overlay
0x0060f8b0	32	3	0	FUN_0060f8b0	overlay
0x0060f8d0	52	2	0	FUN_0060f8d0	overlay
0x0060f910	2192	1	28	FUN_0060f910	overlay
0x006101a0	44	1	2	FUN_006101a0	overlay
0x006101d0	940	2	12	FUN_006101d0	overlay
0x00610580	680	1	9	FUN_00610580	overlay
0x00610830	6052	1	31	FUN_00610830	overlay
0x00611fe0	60	1	1	FUN_00611fe0	overlay
0x00612020	124	1	2	FUN_00612020	overlay
0x006120a0	120	1	2	FUN_006120a0	overlay
0x00612120	2496	1	2	FUN_00612120	overlay
0x00612ae0	132	1	1	FUN_00612ae0	overlay
0x00612b70	296	1	1	FUN_00612b70	overlay
0x00612ca0	108	1	4	FUN_00612ca0	overlay
0x00612d10	700	1	11	FUN_00612d10	overlay
0x00612fd0	196	1	4	FUN_00612fd0	overlay
0x006130a0	724	1	5	FUN_006130a0	overlay
0x00613380	292	1	2	FUN_00613380	overlay
0x006134b0	120	1	2	FUN_006134b0	overlay
0x00613530	196	1	2	FUN_00613530	overlay
0x00613600	316	1	4	FUN_00613600	overlay
0x00613740	244	1	1	FUN_00613740	overlay
0x00613840	380	1	1	FUN_00613840	overlay
0x006139c0	216	1	4	FUN_006139c0	overlay
0x00613aa0	112	1	2	FUN_00613aa0	overlay
0x00613b10	284	1	1	FUN_00613b10	overlay
0x00613c30	368	1	6	FUN_00613c30	overlay
0x00613da0	196	1	4	FUN_00613da0	overlay
0x00613e70	208	1	4	FUN_00613e70	overlay
0x00613f40	112	1	3	FUN_00613f40	overlay
0x00613fb0	288	1	5	FUN_00613fb0	overlay
0x006140d0	1116	1	6	FUN_006140d0	overlay
0x00614550	168	1	0	FUN_00614550	overlay
0x00614600	212	1	4	FUN_00614600	overlay
0x006146e0	60	18	0	FUN_006146e0	overlay
0x00614720	48	6	0	FUN_00614720	overlay
0x00614750	20	1	0	FUN_00614750	overlay
  0x00614770  size=    8  callers= 3  callees= 0  thunk_EXT_FUN_001af0a0
  0x00614780  size=    8  callers= 1  callees= 0  thunk_EXT_FUN_001af020
0x00614790	8	1	0	FUN_00614790	overlay
0x006147a0	180	7	0	FUN_006147a0	overlay
  0x00614860  size=    8  callers= 1  callees= 0  thunk_EXT_FUN_001ae3e0
0x00614870	228	5	0	FUN_00614870	overlay
0x00614960	40	1	0	FUN_00614960	overlay
0x00614990	60	1	0	FUN_00614990	overlay
0x006149d0	20	1	0	FUN_006149d0	overlay
0x006149f0	224	1	2	FUN_006149f0	overlay
0x00614ad0	164	1	2	FUN_00614ad0	overlay
0x00614b80	12	1	0	FUN_00614b80	overlay
0x00614b90	188	1	6	FUN_00614b90	overlay
0x00614c50	24	1	0	FUN_00614c50	overlay
0x00614c70	8	1	0	FUN_00614c70	overlay
0x00614c80	468	3	1	FUN_00614c80	overlay
0x00614e60	588	1	1	FUN_00614e60	overlay
0x006150b0	752	2	0	FUN_006150b0	overlay
0x006153b0	128	2	2	FUN_006153b0	overlay
0x00615430	64	2	0	FUN_00615430	overlay
0x00615470	64	1	0	FUN_00615470	overlay
0x006154b0	276	1	0	FUN_006154b0	overlay
0x006155c8	164	1	0	FUN_006155c8	overlay
0x00615670	64	18	1	FUN_00615670	overlay
0x006156b0	196	0	3	FUN_006156b0	overlay
0x00615778	96	0	2	FUN_00615778	overlay
  0x006157d8  size=    8  callers= 1  callees= 0  thunk_FUN_00616b40
0x006157e0	8	6	1	FUN_006157e0	overlay
0x006157e8	208	6	0	FUN_006157e8	overlay
0x006158b8	16	1	0	FUN_006158b8	overlay
0x006158c8	100	2	2	FUN_006158c8	overlay
0x00615930	140	2	2	FUN_00615930	overlay
0x006159c0	152	3	2	FUN_006159c0	overlay
0x00615a58	960	0	5	FUN_00615a58	overlay
0x00615e20	136	0	2	FUN_00615e20	overlay
0x00615ea8	160	0	2	FUN_00615ea8	overlay
0x00615f48	124	0	2	FUN_00615f48	overlay
0x00615fc8	124	0	2	FUN_00615fc8	overlay
0x00616048	84	0	2	FUN_00616048	overlay
0x006160a0	84	0	2	FUN_006160a0	overlay
0x006160f8	84	0	2	FUN_006160f8	overlay
0x00616150	136	1	2	FUN_00616150	overlay
0x006161d8	52	0	2	FUN_006161d8	overlay
0x00616210	64	1	2	FUN_00616210	overlay
0x00616250	52	1	2	FUN_00616250	overlay
0x00616288	76	0	2	FUN_00616288	overlay
0x006162d8	60	1	2	FUN_006162d8	overlay
0x00616318	228	0	0	FUN_00616318	overlay
0x00616400	112	0	0	FUN_00616400	overlay
0x00616470	168	1	0	FUN_00616470	overlay
0x00616518	84	2	0	FUN_00616518	overlay
0x00616570	380	2	0	FUN_00616570	overlay
0x006166f0	116	4	0	FUN_006166f0	overlay
0x00616768	620	0	0	FUN_00616768	overlay
0x00616a00	84	1	0	FUN_00616a00	overlay
0x00616a58	84	1	0	FUN_00616a58	overlay
0x00616ab0	144	15	1	FUN_00616ab0	overlay
0x00616b40	140	2	1	FUN_00616b40	overlay
0x00616bd0	112	1	4	FUN_00616bd0	overlay
0x00616c40	228	1	8	FUN_00616c40	overlay
0x00616d30	768	1	8	FUN_00616d30	overlay
0x00617030	216	1	2	FUN_00617030	overlay
0x00617110	276	1	2	FUN_00617110	overlay
0x00617230	56	1	0	FUN_00617230	overlay
0x00617270	328	1	7	FUN_00617270	overlay
0x006173c0	724	1	7	FUN_006173c0	overlay
0x006176a0	292	1	6	FUN_006176a0	overlay
0x006177d0	148	1	6	FUN_006177d0	overlay
0x00617870	48	1	2	FUN_00617870	overlay
0x006178a0	112	1	5	FUN_006178a0	overlay
0x00617910	112	1	2	FUN_00617910	overlay
0x00617980	64	1	1	FUN_00617980	overlay
  0x006179c0  size=    8  callers= 1  callees= 0  thunk_FUN_00617a00
  0x006179d0  size=    8  callers= 1  callees= 0  thunk_FUN_00617a00
0x006179e0	28	1	1	FUN_006179e0	overlay
0x00617a00	80	6	2	FUN_00617a00	overlay
0x00617a50	348	1	7	FUN_00617a50	overlay
0x00617bb0	120	1	2	FUN_00617bb0	overlay
0x00617c30	876	0	6	FUN_00617c30	overlay
0x00617fa0	232	1	1	FUN_00617fa0	overlay
0x00618090	148	0	1	FUN_00618090	overlay
0x00618210	20	2	0	FUN_00618210	overlay
0x00618230	556	4	0	FUN_00618230	overlay
0x00618460	164	1	1	FUN_00618460	overlay
0x00618510	8	2	0	FUN_00618510	overlay
0x00618520	8	4	0	FUN_00618520	overlay
0x00618530	188	1	1	FUN_00618530	overlay
0x006185f0	8	1	0	FUN_006185f0	overlay
0x00618600	200	1	1	FUN_00618600	overlay
0x006186d0	8	1	0	FUN_006186d0	overlay
0x006186e0	144	3	0	FUN_006186e0	overlay
  0x00618790  size=    8  callers= 1  callees= 0  thunk_EXT_FUN_001b0100
  0x006187a0  size=    8  callers= 2  callees= 0  thunk_EXT_FUN_001b0100
  0x006187b0  size=    8  callers= 3  callees= 0  thunk_EXT_FUN_001b00e0
  0x006187c0  size=    8  callers= 1  callees= 0  thunk_EXT_FUN_001b0110
  0x006187d0  size=    8  callers= 3  callees= 0  thunk_EXT_FUN_001b00f0
  0x006187e0  size=    8  callers= 3  callees= 0  thunk_EXT_FUN_001b00e0
0x006187f0	8	1	0	FUN_006187f0	overlay
0x00618800	136	2	0	FUN_00618800	overlay
0x00618890	32	2	0	FUN_00618890	overlay
0x006188b0	548	0	0	FUN_006188b0	overlay
0x00618ae0	116	2	0	FUN_00618ae0	overlay
0x00618b60	60	63	0	FUN_00618b60	overlay
0x00618ba0	124	33	0	FUN_00618ba0	overlay
0x00618c20	12	26	0	FUN_00618c20	overlay
0x00618c30	96	4	0	FUN_00618c30	overlay
0x00618c90	412	0	5	FUN_00618c90	overlay
0x00618e30	828	2	2	FUN_00618e30	overlay
0x00619170	172	1	1	FUN_00619170	overlay
0x00619220	68	1	2	FUN_00619220	overlay
0x00619270	188	1	0	FUN_00619270	overlay
0x00619330	168	1	5	FUN_00619330	overlay
0x006193e0	68	1	3	FUN_006193e0	overlay
0x00619430	384	1	2	FUN_00619430	overlay
0x006195b0	200	1	3	FUN_006195b0	overlay
0x00619680	196	1	2	FUN_00619680	overlay
0x00619750	172	1	4	FUN_00619750	overlay
0x00619800	1424	0	9	FUN_00619800	overlay
0x00619d90	108	1	0	FUN_00619d90	overlay
0x00619e00	10728	1	5	FUN_00619e00	overlay
0x0061c7f0	240	1	0	FUN_0061c7f0	overlay
0x0061c940	44	1	0	FUN_0061c940	overlay
0x0061c970	120	1	0	FUN_0061c970	overlay
0x0061c9f0	652	1	2	FUN_0061c9f0	overlay
0x0061cc80	92	6	0	FUN_0061cc80	overlay
0x0061cce0	912	3	0	FUN_0061cce0	overlay
0x0061d080	388	1	2	FUN_0061d080	overlay
0x0061d210	388	1	2	FUN_0061d210	overlay
0x0061d3a0	752	1	1	FUN_0061d3a0	overlay
0x0061d690	8	2	0	FUN_0061d690	overlay
0x0061d6a0	1764	3	11	FUN_0061d6a0	overlay
0x0061dd90	56	1	0	FUN_0061dd90	overlay
0x0061ddd0	24	1	0	FUN_0061ddd0	overlay
0x0061ddf0	212	1	0	FUN_0061ddf0	overlay
0x0061ded0	1888	4	15	FUN_0061ded0	overlay
0x0061e630	8	2	0	FUN_0061e630	overlay
0x0061e640	16	2	0	FUN_0061e640	overlay
0x0061e650	36	2	0	FUN_0061e650	overlay
0x0061e680	68	2	0	FUN_0061e680	overlay
  0x0061e6d0  size=    8  callers= 2  callees= 0  thunk_EXT_FUN_001f46e0
0x0061e6e0	36	2	0	FUN_0061e6e0	overlay
0x0061e710	8	1	0	FUN_0061e710	overlay
0x0061e720	8	14	0	FUN_0061e720	overlay
0x0061e730	8	10	0	FUN_0061e730	overlay
0x0061e740	8	6	0	FUN_0061e740	overlay
0x0061e750	24	8	0	FUN_0061e750	overlay
0x0061e770	56	1	1	FUN_0061e770	overlay
0x0061e7b0	56	0	1	FUN_0061e7b0	overlay
0x0061e7f0	8	17	0	FUN_0061e7f0	overlay
0x0061e800	8	10	0	FUN_0061e800	overlay
0x0061e810	68	1	0	FUN_0061e810	overlay
0x0061e860	140	1	5	FUN_0061e860	overlay
0x0061e8f0	8	1	0	FUN_0061e8f0	overlay
  0x0061e900  size=    8  callers= 2  callees= 0  thunk_FUN_00619800
0x0061e910	44	15	0	FUN_0061e910	overlay
0x0061e940	12	9	0	FUN_0061e940	overlay
  0x0061e950  size=    8  callers= 1  callees= 0  thunk_EXT_FUN_001b3db0
0x0061e960	84	16	0	FUN_0061e960	overlay
0x0061e9c0	44	1	0	FUN_0061e9c0	overlay
  0x0061e9f0  size=    8  callers= 0  callees= 0  thunk_FUN_0061f0d0
  0x0061ea00  size=    8  callers= 6  callees= 0  thunk_FUN_0061f0d0
0x0061ea10	8	7	0	FUN_0061ea10	overlay
0x0061ea20	8	6	0	FUN_0061ea20	overlay
0x0061ea30	8	3	0	FUN_0061ea30	overlay
0x0061ea40	8	1	0	FUN_0061ea40	overlay
0x0061ea50	84	1	2	FUN_0061ea50	overlay
0x0061eab0	1564	1	3	FUN_0061eab0	overlay
0x0061f0d0	12	7	0	FUN_0061f0d0	overlay
0x0061f0e0	16	13	0	FUN_0061f0e0	overlay
0x0061f0f0	140	12	0	FUN_0061f0f0	overlay
0x0061f180	28	4	0	FUN_0061f180	overlay
0x0061f1a0	8	15	0	FUN_0061f1a0	overlay
0x0061f1b0	24	5	0	FUN_0061f1b0	overlay
0x0061f1d0	32	14	0	FUN_0061f1d0	overlay
0x0061f1f0	36	6	0	FUN_0061f1f0	overlay
0x0061f220	36	2	0	FUN_0061f220	overlay
0x0061f250	24	3	0	FUN_0061f250	overlay
0x0061f270	96	3	0	FUN_0061f270	overlay
0x0061f2d0	108	5	0	FUN_0061f2d0	overlay
0x0061f340	104	3	0	FUN_0061f340	overlay
0x0061f3b0	24	5	0	FUN_0061f3b0	overlay
0x0061f3d0	116	2	0	FUN_0061f3d0	overlay
0x0061f450	28	2	0	FUN_0061f450	overlay
0x0061f470	28	5	0	FUN_0061f470	overlay
0x0061f490	28	1	0	FUN_0061f490	overlay
0x0061f4b0	336	19	0	FUN_0061f4b0	overlay
0x0061f600	128	3	0	FUN_0061f600	overlay
0x0061f680	212	11	0	FUN_0061f680	overlay
0x0061f760	212	11	0	FUN_0061f760	overlay
0x0061f840	8	1	0	FUN_0061f840	overlay
0x0061f850	88	1	1	FUN_0061f850	overlay
0x0061f8b0	16	1	0	FUN_0061f8b0	overlay
0x0061f8c0	8	3	0	FUN_0061f8c0	overlay
0x0061f8d0	148	3	3	FUN_0061f8d0	overlay
0x0061f970	92	7	3	FUN_0061f970	overlay
0x0061f9d0	28	6	0	FUN_0061f9d0	overlay
0x0061f9f0	892	1	17	FUN_0061f9f0	overlay
0x0061fd70	1248	1	19	FUN_0061fd70	overlay
0x00620250	800	1	17	FUN_00620250	overlay
0x00620570	72	2	0	FUN_00620570	overlay
0x006205c0	1440	1	17	FUN_006205c0	overlay
0x00620b60	476	1	10	FUN_00620b60	overlay
0x00620d40	32	2	0	FUN_00620d40	overlay
0x00620d60	4452	2	27	FUN_00620d60	overlay
0x00621ed0	60	2	1	FUN_00621ed0	overlay
0x00621f10	160	2	3	FUN_00621f10	overlay
0x00621fb0	40	1	0	FUN_00621fb0	overlay
0x00621fe0	324	1	1	FUN_00621fe0	overlay
0x00622130	80	0	2	FUN_00622130	overlay
0x00622180	2724	1	25	FUN_00622180	overlay
0x00622c30	304	1	4	FUN_00622c30	overlay
0x00622d60	472	1	9	FUN_00622d60	overlay
0x00622f40	336	1	5	FUN_00622f40	overlay
0x00623090	288	1	5	FUN_00623090	overlay
0x006231b0	424	1	6	FUN_006231b0	overlay
0x00623360	120	1	0	FUN_00623360	overlay
0x006233e0	504	1	4	FUN_006233e0	overlay
0x006235e0	16	1	0	FUN_006235e0	overlay
0x006235f0	16	0	0	FUN_006235f0	overlay
0x00623600	104	1	3	FUN_00623600	overlay
0x00623670	388	1	3	FUN_00623670	overlay
0x00623800	564	1	5	FUN_00623800	overlay
0x00623a40	200	1	0	FUN_00623a40	overlay
0x00623b10	196	1	1	FUN_00623b10	overlay
0x00623be0	3028	1	7	FUN_00623be0	overlay
0x006247c0	64	1	0	FUN_006247c0	overlay
0x00624800	80	1	0	FUN_00624800	overlay
0x00624850	1044	1	17	FUN_00624850	overlay
0x00624c70	1132	1	11	FUN_00624c70	overlay
0x006250e0	168	1	0	FUN_006250e0	overlay
0x00625190	1240	1	23	FUN_00625190	overlay
0x00625670	2092	1	17	FUN_00625670	overlay
0x00625ea0	1860	1	16	FUN_00625ea0	overlay
0x006265f0	312	1	8	FUN_006265f0	overlay
0x00626730	444	0	0	FUN_00626730	overlay
0x00626900	1392	1	13	FUN_00626900	overlay
0x00626e70	1420	1	11	FUN_00626e70	overlay
0x00627400	312	1	8	FUN_00627400	overlay
0x00627540	532	1	10	FUN_00627540	overlay
0x00627760	60	2	1	FUN_00627760	overlay
0x006277a0	188	2	1	FUN_006277a0	overlay
0x00627860	128	1	0	FUN_00627860	overlay
0x006278e0	320	3	2	FUN_006278e0	overlay
0x00627a20	84	1	0	FUN_00627a20	overlay
0x00627a80	84	2	0	FUN_00627a80	overlay
0x00627ae0	20	2	0	FUN_00627ae0	overlay
0x00627b00	392	2	2	FUN_00627b00	overlay
0x00627c90	168	0	1	FUN_00627c90	overlay
0x00627d40	28	1	0	FUN_00627d40	overlay
0x00627d60	316	2	7	FUN_00627d60	overlay
0x00627ea0	116	1	5	FUN_00627ea0	overlay
0x00627f20	492	1	4	FUN_00627f20	overlay
0x00628110	256	1	2	FUN_00628110	overlay
0x00628210	1140	1	11	FUN_00628210	overlay
0x00628690	124	1	1	FUN_00628690	overlay
0x00628710	56	1	1	FUN_00628710	overlay
0x00628750	16	1	0	FUN_00628750	overlay
0x00628760	248	2	3	FUN_00628760	overlay
0x00628860	784	0	8	FUN_00628860	overlay
0x00628cc0	324	0	4	FUN_00628cc0	overlay
0x00628e10	208	3	9	FUN_00628e10	overlay
0x00628ee0	24	3	0	FUN_00628ee0	overlay
0x00628f00	108	1	3	FUN_00628f00	overlay
0x00628f70	368	1	5	FUN_00628f70	overlay
0x006290e0	128	1	3	FUN_006290e0	overlay
0x00629160	148	1	0	FUN_00629160	overlay
0x00629200	304	1	4	FUN_00629200	overlay
0x00629330	64	1	1	FUN_00629330	overlay
0x00629370	56	1	1	FUN_00629370	overlay
0x006293b0	60	1	1	FUN_006293b0	overlay
0x006293f0	676	1	9	FUN_006293f0	overlay
0x006296a0	928	1	13	FUN_006296a0	overlay
0x00629a40	212	2	4	FUN_00629a40	overlay
0x00629c20	40	0	2	FUN_00629c20	overlay
0x00629c50	172	0	1	FUN_00629c50	overlay
0x00629d00	84	6	1	FUN_00629d00	overlay
0x00629d60	2132	0	6	FUN_00629d60	overlay
0x0062a5c0	20	2	0	FUN_0062a5c0	overlay
0x0062a5e0	160	2	6	FUN_0062a5e0	overlay
0x0062a680	76	1	3	FUN_0062a680	overlay
0x0062a6d0	496	1	4	FUN_0062a6d0	overlay
0x0062a8c0	652	1	7	FUN_0062a8c0	overlay
0x0062ab50	608	1	5	FUN_0062ab50	overlay
0x0062adb0	244	1	4	FUN_0062adb0	overlay
0x0062aeb0	368	1	4	FUN_0062aeb0	overlay
0x0062b020	664	1	5	FUN_0062b020	overlay
0x0062b2c0	572	0	3	FUN_0062b2c0	overlay
0x0062b500	288	1	1	FUN_0062b500	overlay
0x0062b620	68	1	0	FUN_0062b620	overlay
0x0062b670	212	2	4	FUN_0062b670	overlay
0x0062b8b0	304	0	4	FUN_0062b8b0	overlay
0x0062b9e0	20	3	0	FUN_0062b9e0	overlay
0x0062ba00	112	3	0	FUN_0062ba00	overlay
0x0062ba70	164	5	5	FUN_0062ba70	overlay
0x0062bb20	156	1	4	FUN_0062bb20	overlay
0x0062bbc0	392	1	4	FUN_0062bbc0	overlay
0x0062bd50	68	2	0	FUN_0062bd50	overlay
0x0062bda0	132	1	4	FUN_0062bda0	overlay
0x0062be30	164	1	1	FUN_0062be30	overlay
0x0062bee0	324	1	3	FUN_0062bee0	overlay
0x0062c030	292	1	0	FUN_0062c030	overlay
0x0062c160	112	1	0	FUN_0062c160	overlay
0x0062c1d0	376	1	4	FUN_0062c1d0	overlay
0x0062c350	152	1	6	FUN_0062c350	overlay
0x0062c3f0	388	1	1	FUN_0062c3f0	overlay
0x0062c580	452	1	5	FUN_0062c580	overlay
0x0062c750	96	1	2	FUN_0062c750	overlay
0x0062c7b0	192	1	2	FUN_0062c7b0	overlay
0x0062c870	248	1	3	FUN_0062c870	overlay
0x0062c970	124	1	3	FUN_0062c970	overlay
0x0062c9f0	260	1	3	FUN_0062c9f0	overlay
0x0062cb00	152	1	3	FUN_0062cb00	overlay
0x0062cba0	188	0	1	FUN_0062cba0	overlay
0x0062cc60	192	0	3	FUN_0062cc60	overlay
0x0062cd20	212	2	4	FUN_0062cd20	overlay
0x0062cf10	60	2	0	FUN_0062cf10	overlay
0x0062cf50	116	2	3	FUN_0062cf50	overlay
0x0062cfd0	288	1	5	FUN_0062cfd0	overlay
0x0062d0f0	80	1	2	FUN_0062d0f0	overlay
0x0062d140	100	1	4	FUN_0062d140	overlay
0x0062d1b0	460	1	4	FUN_0062d1b0	overlay
0x0062d380	76	1	2	FUN_0062d380	overlay
0x0062d3d0	88	1	2	FUN_0062d3d0	overlay
0x0062d430	172	1	3	FUN_0062d430	overlay
0x0062d4e0	120	1	2	FUN_0062d4e0	overlay
0x0062d560	124	1	1	FUN_0062d560	overlay
0x0062d5e0	84	1	3	FUN_0062d5e0	overlay
0x0062d640	228	1	7	FUN_0062d640	overlay
0x0062d730	212	1	4	FUN_0062d730	overlay
0x0062d810	160	1	4	FUN_0062d810	overlay
0x0062d8b0	160	0	2	FUN_0062d8b0	overlay
0x0062d950	152	1	5	FUN_0062d950	overlay
0x0062d9f0	240	1	3	FUN_0062d9f0	overlay
0x0062dae0	340	1	0	FUN_0062dae0	overlay
0x0062dc40	592	1	10	FUN_0062dc40	overlay
0x0062de90	1036	1	10	FUN_0062de90	overlay
0x0062e2a0	276	1	5	FUN_0062e2a0	overlay
0x0062e3c0	128	1	4	FUN_0062e3c0	overlay
0x0062e440	360	1	6	FUN_0062e440	overlay
0x0062e5b0	364	1	4	FUN_0062e5b0	overlay
0x0062e720	220	1	7	FUN_0062e720	overlay
0x0062e800	196	1	4	FUN_0062e800	overlay
0x0062e8d0	8	1	0	FUN_0062e8d0	overlay
0x0062e8e0	204	2	3	FUN_0062e8e0	overlay
0x0062e9b0	440	0	9	FUN_0062e9b0	overlay
0x0062ec90	156	0	1	FUN_0062ec90	overlay
0x0062ed30	144	0	1	FUN_0062ed30	overlay
0x0062edc0	436	0	7	FUN_0062edc0	overlay
0x0062ef80	112	0	1	FUN_0062ef80	overlay
0x0062eff0	112	0	2	FUN_0062eff0	overlay
0x0062f060	208	0	1	FUN_0062f060	overlay
0x0062f1e0	200	0	1	FUN_0062f1e0	overlay
0x0062f2b0	176	0	1	FUN_0062f2b0	overlay
0x0062f3f0	140	0	1	FUN_0062f3f0	overlay
0x0062f500	168	1	1	FUN_0062f500	overlay
0x0062f5b0	352	0	6	FUN_0062f5b0	overlay
0x0062f710	380	0	1	FUN_0062f710	overlay
0x0062f890	256	1	1	FUN_0062f890	overlay
0x0062f990	236	0	3	FUN_0062f990	overlay
0x0062fa80	404	0	6	FUN_0062fa80	overlay
0x0062fc20	32	2	0	FUN_0062fc20	overlay
0x0062fc40	236	2	0	FUN_0062fc40	overlay
0x0062fd30	44	3	0	FUN_0062fd30	overlay
0x0062fd60	44	1	0	FUN_0062fd60	overlay
0x0062fd90	44	4	0	FUN_0062fd90	overlay
0x0062fdc0	44	2	0	FUN_0062fdc0	overlay
0x0062fdf0	44	10	0	FUN_0062fdf0	overlay
0x0062fe20	80	1	0	FUN_0062fe20	overlay
0x0062fe70	44	1	0	FUN_0062fe70	overlay
0x0062fea0	48	31	0	FUN_0062fea0	overlay
0x0062fed0	44	1	0	FUN_0062fed0	overlay
0x0062ff00	44	1	0	FUN_0062ff00	overlay
0x0062ff30	224	2	0	FUN_0062ff30	overlay
0x00630010	140	1	1	FUN_00630010	overlay
0x006300a0	892	1	19	FUN_006300a0	overlay
0x00630420	808	1	3	FUN_00630420	overlay
0x00630750	448	1	6	FUN_00630750	overlay
0x00630910	756	1	7	FUN_00630910	overlay
0x00630c10	20	1	0	FUN_00630c10	overlay
0x00630c30	20	1	0	FUN_00630c30	overlay
0x00630c50	20	4	0	FUN_00630c50	overlay
0x00630c70	20	5	0	FUN_00630c70	overlay
0x00630c90	428	1	10	FUN_00630c90	overlay
0x00630e40	216	1	1	FUN_00630e40	overlay
0x00630f20	264	2	6	FUN_00630f20	overlay
0x00631030	200	1	3	FUN_00631030	overlay
0x00631100	300	1	4	FUN_00631100	overlay
0x00631240	116	1	0	FUN_00631240	overlay
0x006312c0	216	1	4	FUN_006312c0	overlay
0x006313a0	252	1	5	FUN_006313a0	overlay
0x006314a0	192	1	5	FUN_006314a0	overlay
0x00631560	188	1	6	FUN_00631560	overlay
0x00631620	76	1	0	FUN_00631620	overlay
0x00631670	176	3	6	FUN_00631670	overlay
0x00631720	100	1	0	FUN_00631720	overlay
0x00631790	128	1	3	FUN_00631790	overlay
0x00631810	104	1	2	FUN_00631810	overlay
0x00631880	144	1	2	FUN_00631880	overlay
0x00631910	288	4	1	FUN_00631910	overlay
0x00631a30	136	6	0	FUN_00631a30	overlay
0x00631ac0	232	2	5	FUN_00631ac0	overlay
0x00631bb0	208	2	4	FUN_00631bb0	overlay
0x00631c80	108	1	3	FUN_00631c80	overlay
0x00631cf0	108	1	3	FUN_00631cf0	overlay
0x00631d60	224	1	9	FUN_00631d60	overlay
0x00631e40	124	2	3	FUN_00631e40	overlay
0x00631ec0	184	1	3	FUN_00631ec0	overlay
0x00631f80	104	1	2	FUN_00631f80	overlay
0x00631ff0	252	11	3	FUN_00631ff0	overlay
0x006320f0	404	9	7	FUN_006320f0	overlay
0x00632290	48	5	0	FUN_00632290	overlay
0x006322c0	104	8	1	FUN_006322c0	overlay
0x00632330	84	3	3	FUN_00632330	overlay
0x00632390	2156	1	8	FUN_00632390	overlay
0x00632c00	108	3	1	FUN_00632c00	overlay
0x00632c70	100	1	0	FUN_00632c70	overlay
0x00632ce0	52	3	1	FUN_00632ce0	overlay
0x00632d20	736	1	3	FUN_00632d20	overlay
0x00633000	412	1	0	FUN_00633000	overlay
0x006331a0	108	1	1	FUN_006331a0	overlay
0x00633210	136	1	1	FUN_00633210	overlay
0x006332a0	176	2	0	FUN_006332a0	overlay
0x00633350	64	2	0	FUN_00633350	overlay
0x00633390	32	3	0	FUN_00633390	overlay
0x006333b0	124	2	1	FUN_006333b0	overlay
0x00633430	52	2	1	FUN_00633430	overlay
0x00633470	116	5	5	FUN_00633470	overlay
0x006334f0	152	1	1	FUN_006334f0	overlay
0x00633590	92	2	1	FUN_00633590	overlay
0x006335f0	88	2	0	FUN_006335f0	overlay
0x00633650	128	2	1	FUN_00633650	overlay
0x006336d0	360	2	3	FUN_006336d0	overlay
0x00633840	228	2	3	FUN_00633840	overlay
0x00633930	384	4	2	FUN_00633930	overlay
0x00633ab0	348	4	2	FUN_00633ab0	overlay
0x00633c10	912	1	3	FUN_00633c10	overlay
0x00633fa0	112	2	1	FUN_00633fa0	overlay
0x00634010	192	2	2	FUN_00634010	overlay
0x006340d0	132	1	2	FUN_006340d0	overlay
0x00634160	104	7	2	FUN_00634160	overlay
0x006341d0	168	6	2	FUN_006341d0	overlay
0x00634280	132	1	2	FUN_00634280	overlay
0x00634310	148	1	2	FUN_00634310	overlay
0x006343b0	8	3	0	FUN_006343b0	overlay
0x006343c0	156	1	1	FUN_006343c0	overlay
0x00634460	8	2	0	FUN_00634460	overlay
0x00634470	204	5	0	FUN_00634470	overlay
0x00634540	16	3	0	FUN_00634540	overlay
0x00634550	76	6	2	FUN_00634550	overlay
0x006345a0	64	1	0	FUN_006345a0	overlay
0x006345e0	668	9	15	FUN_006345e0	overlay
0x00634880	12	5	0	FUN_00634880	overlay
0x00634890	216	1	3	FUN_00634890	overlay
0x00634970	200	7	0	FUN_00634970	overlay
0x00634a40	8	1	0	FUN_00634a40	overlay
0x00634a50	84	1	0	FUN_00634a50	overlay
0x00634ab0	1408	9	21	FUN_00634ab0	overlay
0x00635030	656	1	5	FUN_00635030	overlay
0x006352e0	256	3	7	FUN_006352e0	overlay
0x006353e0	288	1	5	FUN_006353e0	overlay
0x00635500	148	2	0	FUN_00635500	overlay
0x006355a0	852	1	3	FUN_006355a0	overlay
0x00635900	64	2	1	FUN_00635900	overlay
0x00635940	356	1	2	FUN_00635940	overlay
0x00635ab0	220	4	4	FUN_00635ab0	overlay
0x00635b90	8	1	0	FUN_00635b90	overlay
0x00635ba0	8	2	0	FUN_00635ba0	overlay
0x00635bb0	168	1	6	FUN_00635bb0	overlay
0x00635c60	76	1	1	FUN_00635c60	overlay
0x00635cb0	540	2	5	FUN_00635cb0	overlay
0x00635ed0	172	3	1	FUN_00635ed0	overlay
0x00635f80	528	1	8	FUN_00635f80	overlay
0x00636190	332	1	0	FUN_00636190	overlay
0x006362e0	744	1	0	FUN_006362e0	overlay
0x006365d0	200	1	1	FUN_006365d0	overlay
0x006366a0	492	1	1	FUN_006366a0	overlay
0x00636890	1792	4	11	FUN_00636890	overlay
0x00636f90	432	2	11	FUN_00636f90	overlay
0x00637140	36	11	2	FUN_00637140	overlay
0x00637170	16	5	0	FUN_00637170	overlay
0x00637180	76	23	3	FUN_00637180	overlay
0x006371d0	28	10	0	FUN_006371d0	overlay
0x006371f0	32	2	0	FUN_006371f0	overlay
0x00637210	32	3	0	FUN_00637210	overlay
0x00637230	20	1	0	FUN_00637230	overlay
0x00637250	16	2	0	FUN_00637250	overlay
0x00637260	452	5	0	FUN_00637260	overlay
0x00637430	268	2	3	FUN_00637430	overlay
0x00637540	36	10	0	FUN_00637540	overlay
0x00637570	84	2	0	FUN_00637570	overlay
0x006375d0	180	2	6	FUN_006375d0	overlay
0x00637690	120	9	0	FUN_00637690	overlay
0x00637710	404	2	0	FUN_00637710	overlay
0x006378b0	184	2	5	FUN_006378b0	overlay
0x00637970	12	2	0	FUN_00637970	overlay
0x00637980	84	3	0	FUN_00637980	overlay
0x006379e0	424	2	9	FUN_006379e0	overlay
0x00637b90	8	1	0	FUN_00637b90	overlay
0x00637ba0	72	2	0	FUN_00637ba0	overlay
0x00637bf0	72	2	1	FUN_00637bf0	overlay
0x00637c40	40	3	0	FUN_00637c40	overlay
0x00637c70	40	2	0	FUN_00637c70	overlay
0x00637ca0	108	2	1	FUN_00637ca0	overlay
0x00637d10	132	10	0	FUN_00637d10	overlay
0x00637da0	112	5	0	FUN_00637da0	overlay
0x00637e10	72	4	0	FUN_00637e10	overlay
0x00637e60	40	4	0	FUN_00637e60	overlay
0x00637e90	60	10	0	FUN_00637e90	overlay
0x00637ed0	104	3	0	FUN_00637ed0	overlay
0x00637f40	64	1	0	FUN_00637f40	overlay
0x00637f80	8	1	0	FUN_00637f80	overlay
0x00637f90	588	3	0	FUN_00637f90	overlay
0x006381e0	512	6	0	FUN_006381e0	overlay
0x006383e0	784	1	0	FUN_006383e0	overlay
0x006386f0	28	2	0	FUN_006386f0	overlay
