0x001c0020	FUN_001c0020	transport
0x001c0090	FUN_001c0090	transport
0x001c00e0	FUN_001c00e0	transport
0x001c00f0	FUN_001c00f0	transport
0x001c0100	FUN_001c0100	transport
0x001c0230	FUN_001c0230	transport
0x001c04a0	FUN_001c04a0	transport
0x001c0540	FUN_001c0540	transport
0x001c0630	FUN_001c0630	transport
0x001c0670	FUN_001c0670	transport
0x001c0690	FUN_001c0690	transport
0x001c08a0	FUN_001c08a0	transport
0x001c08e0	FUN_001c08e0	transport
0x001c0b20	FUN_001c0b20	transport
0x001c0ca0	FUN_001c0ca0	transport
0x001c0d60	FUN_001c0d60	transport
0x001c0dc0	FUN_001c0dc0	transport
0x001c0de0	FUN_001c0de0	transport
0x001c0e60	FUN_001c0e60	transport
0x001c0f40	FUN_001c0f40	transport
0x001c19e0	FUN_001c19e0	transport
0x001c2670	FUN_001c2670	transport
0x001c2770	FUN_001c2770	transport
0x001c2da0	FUN_001c2da0	transport
0x001c2f30	FUN_001c2f30	transport
0x001c2f80	FUN_001c2f80	transport
0x001c3180	FUN_001c3180	transport
0x001c3250	FUN_001c3250	transport
0x001c32b0	FUN_001c32b0	transport
0x001c3300	FUN_001c3300	transport
0x001c3320	FUN_001c3320	transport
0x001c3340	FUN_001c3340	transport
0x001c3380	FUN_001c3380	transport
0x001c33f0	FUN_001c33f0	transport
0x001c3420	FUN_001c3420	transport
0x001c3450	FUN_001c3450	transport
0x001c3490	FUN_001c3490	transport
0x001c3590	FUN_001c3590	transport
0x001c3650	FUN_001c3650	transport
0x001c3750	FUN_001c3750	transport
0x001c3840	FUN_001c3840	transport
0x001c3850	FUN_001c3850	transport
0x001c3880	FUN_001c3880	transport
0x001c3a60	FUN_001c3a60	transport
0x001c3ab0	FUN_001c3ab0	transport
0x001c3b10	FUN_001c3b10	transport
0x001c3b90	FUN_001c3b90	transport
0x001c3c90	FUN_001c3c90	transport
0x001c3da0	FUN_001c3da0	transport
0x001c3e10	FUN_001c3e10	transport
0x001c3ea0	FUN_001c3ea0	transport
0x001c3f40	FUN_001c3f40	transport
0x001c4020	FUN_001c4020	transport
0x001c4070	FUN_001c4070	transport
0x001c4100	FUN_001c4100	transport
0x001c42d0	FUN_001c42d0	transport
0x001c4360	FUN_001c4360	transport
0x001c43c0	FUN_001c43c0	transport
0x001c4450	FUN_001c4450	transport
0x001c4560	FUN_001c4560	transport
0x001c45f0	FUN_001c45f0	transport
0x001c46a0	FUN_001c46a0	transport
0x001c4730	FUN_001c4730	transport
0x001c48c0	FUN_001c48c0	transport
0x001c4960	FUN_001c4960	transport
0x001c4c80	FUN_001c4c80	transport
0x001c4d40	FUN_001c4d40	transport
0x001c4fb0	FUN_001c4fb0	transport
0x001c5040	FUN_001c5040	transport
0x001c51a0	FUN_001c51a0	transport
0x001c5260	FUN_001c5260	transport
0x001c5480	FUN_001c5480	transport
0x001c5510	FUN_001c5510	transport
0x001c5630	FUN_001c5630	transport
0x001c56f0	FUN_001c56f0	transport
0x001c5900	FUN_001c5900	transport
0x001c5a20	FUN_001c5a20	transport
0x001c5bd0	FUN_001c5bd0	transport
0x001c5c90	FUN_001c5c90	transport
0x001c5ea0	FUN_001c5ea0	transport
0x001c5f30	FUN_001c5f30	transport
0x001c6060	FUN_001c6060	transport
0x001c6130	FUN_001c6130	transport
0x001c6330	FUN_001c6330	transport
0x001c63c0	FUN_001c63c0	transport
0x001c64f0	FUN_001c64f0	transport
0x001c65c0	FUN_001c65c0	transport
0x001c67b0	FUN_001c67b0	transport
0x001c6840	FUN_001c6840	transport
0x001c69b0	FUN_001c69b0	transport
0x001c6a50	FUN_001c6a50	transport
0x001c6b90	FUN_001c6b90	transport
0x001c6c60	FUN_001c6c60	transport
0x001c6dc0	FUN_001c6dc0	transport
0x001c6e80	FUN_001c6e80	transport
0x001c7000	FUN_001c7000	transport
0x001c70b0	FUN_001c70b0	transport
0x001c7580	FUN_001c7580	transport
0x001c7680	FUN_001c7680	transport
0x001c7980	FUN_001c7980	transport
0x001c7a70	FUN_001c7a70	transport
0x001c85c0	FUN_001c85c0	transport
0x001c8790	FUN_001c8790	transport
0x001c8ad0	FUN_001c8ad0	transport
0x001c8af0	FUN_001c8af0	transport
0x001c8b60	FUN_001c8b60	transport
0x001c8d30	FUN_001c8d30	transport
0x001c8dd0	FUN_001c8dd0	transport
0x001c8eb0	FUN_001c8eb0	transport
0x001c8f50	FUN_001c8f50	transport
0x001c9030	FUN_001c9030	transport
0x001c91d0	FUN_001c91d0	transport
0x001c92d0	FUN_001c92d0	transport
0x001c94c0	FUN_001c94c0	transport
0x001c95e0	FUN_001c95e0	transport
0x001c9780	FUN_001c9780	transport
0x001c9810	FUN_001c9810	transport
0x001c9850	FUN_001c9850	transport
0x001c9b00	FUN_001c9b00	transport
0x001ca3a0	FUN_001ca3a0	transport
0x001ca410	FUN_001ca410	transport
0x001ca590	FUN_001ca590	transport
0x001ca610	FUN_001ca610	transport
0x001ca660	FUN_001ca660	transport
0x001ca6b0	FUN_001ca6b0	transport
0x001ca720	FUN_001ca720	transport
0x001ca750	FUN_001ca750	transport
0x001ca780	FUN_001ca780	transport
0x001ca7d0	FUN_001ca7d0	transport
0x001ca810	FUN_001ca810	transport
0x001ca8c0	FUN_001ca8c0	transport
0x001ca9d0	FUN_001ca9d0	transport
0x001caa30	FUN_001caa30	transport
0x001caad0	FUN_001caad0	transport
0x001cab70	FUN_001cab70	transport
0x001cac50	FUN_001cac50	transport
0x001cac60	FUN_001cac60	transport
0x001cad10	FUN_001cad10	transport
0x001cadc0	FUN_001cadc0	transport
0x001cae70	FUN_001cae70	transport
0x001caed0	FUN_001caed0	transport
0x001caf30	FUN_001caf30	transport
0x001caf60	FUN_001caf60	transport
0x001cb010	FUN_001cb010	transport
0x001cb070	FUN_001cb070	transport
0x001cb0e0	FUN_001cb0e0	transport
0x001cb2c0	FUN_001cb2c0	transport
0x001cb360	FUN_001cb360	transport
0x001cb3b0	FUN_001cb3b0	transport
0x001cb410	FUN_001cb410	transport
0x001cb490	FUN_001cb490	transport
0x001cb4e0	FUN_001cb4e0	transport
0x001cb530	FUN_001cb530	transport
0x001cb590	FUN_001cb590	transport
0x001cb5f0	FUN_001cb5f0	transport
0x001cb6a0	FUN_001cb6a0	transport
0x001cb750	FUN_001cb750	transport
0x001cb7f0	FUN_001cb7f0	transport
0x001cba30	FUN_001cba30	transport
0x001cba90	FUN_001cba90	transport
0x001cbae0	FUN_001cbae0	transport
0x001cbbb0	FUN_001cbbb0	transport
0x001cbc20	FUN_001cbc20	transport
0x001cbc30	FUN_001cbc30	transport
0x001cbc40	FUN_001cbc40	transport
0x001cbcb0	FUN_001cbcb0	transport
0x001cbd20	FUN_001cbd20	transport
0x001cbda0	FUN_001cbda0	transport
0x001cbe50	FUN_001cbe50	transport
0x001cbf80	FUN_001cbf80	transport
0x001cc010	FUN_001cc010	transport
0x001cc090	FUN_001cc090	transport
0x001cc100	FUN_001cc100	transport
0x001cc170	FUN_001cc170	transport
0x001ccb10	FUN_001ccb10	transport
0x001ccb80	FUN_001ccb80	transport
0x001ccd50	FUN_001ccd50	transport
0x001cce80	FUN_001cce80	transport
0x001cd010	FUN_001cd010	transport
0x001cd160	FUN_001cd160	transport
0x001cd2e0	FUN_001cd2e0	transport
0x001cd470	FUN_001cd470	transport
0x001cd4c0	FUN_001cd4c0	transport
0x001cd500	FUN_001cd500	transport
0x001cd570	FUN_001cd570	transport
0x001cd620	FUN_001cd620	transport
0x001cd6f0	FUN_001cd6f0	transport
0x001cd7c0	FUN_001cd7c0	transport
0x001cd820	FUN_001cd820	transport
0x001cda90	FUN_001cda90	transport
0x001cdb60	FUN_001cdb60	transport
0x001cdbb0	FUN_001cdbb0	transport
0x001cdc00	FUN_001cdc00	transport
0x001cdc70	FUN_001cdc70	transport
0x001cdd30	FUN_001cdd30	transport
0x001cde00	FUN_001cde00	transport
0x001ce070	FUN_001ce070	transport
0x001ce090	FUN_001ce090	transport
0x001ce2d0	FUN_001ce2d0	transport
0x001ce360	FUN_001ce360	transport
0x001ce420	FUN_001ce420	transport
0x001ce4b0	FUN_001ce4b0	transport
0x001ce550	FUN_001ce550	transport
0x001ce5b0	FUN_001ce5b0	transport
0x001ce600	FUN_001ce600	transport
0x001ce670	FUN_001ce670	transport
0x001ce6d0	FUN_001ce6d0	transport
0x001ce740	FUN_001ce740	transport
0x001ce810	FUN_001ce810	transport
0x001ce890	FUN_001ce890	transport
0x001ce970	FUN_001ce970	transport
0x001ceda0	FUN_001ceda0	transport
0x001cee20	FUN_001cee20	transport
0x001cef80	FUN_001cef80	transport
0x001cf020	FUN_001cf020	transport
0x001cf0b0	FUN_001cf0b0	transport
0x001cf100	FUN_001cf100	transport
0x001cf150	FUN_001cf150	transport
0x001cf2b0	FUN_001cf2b0	transport
0x001cf360	FUN_001cf360	transport
0x001cf3e0	FUN_001cf3e0	transport
0x001cf570	FUN_001cf570	transport
0x001cf6a0	FUN_001cf6a0	transport
0x001cf7c0	FUN_001cf7c0	transport
0x001cf8e0	FUN_001cf8e0	transport
0x001cfa30	FUN_001cfa30	transport
0x001cfb30	FUN_001cfb30	transport
0x001cfc90	FUN_001cfc90	transport
0x001d0040	FUN_001d0040	transport
0x001d0230	FUN_001d0230	transport
0x001d0400	FUN_001d0400	transport
0x001d0510	FUN_001d0510	transport
0x001d06d0	FUN_001d06d0	transport
0x001d09c0	FUN_001d09c0	transport
0x001d09e0	FUN_001d09e0	transport
0x001d0a10	FUN_001d0a10	transport
0x001d0a50	FUN_001d0a50	transport
0x001d0b00	FUN_001d0b00	transport
0x001d0b90	FUN_001d0b90	transport
0x001d0c00	FUN_001d0c00	transport
0x001d0c90	FUN_001d0c90	transport
0x001d0d50	FUN_001d0d50	transport
0x001d0e90	FUN_001d0e90	transport
0x001d0f00	FUN_001d0f00	transport
0x001d0fe0	FUN_001d0fe0	transport
0x001d1050	FUN_001d1050	transport
0x001d1110	FUN_001d1110	transport
0x001d12c0	FUN_001d12c0	transport
0x001d13d0	FUN_001d13d0	transport
0x001d1410	FUN_001d1410	transport
0x001d1500	FUN_001d1500	transport
0x001d1530	FUN_001d1530	transport
0x001d1610	FUN_001d1610	transport
0x001d1640	FUN_001d1640	transport
0x001d1680	FUN_001d1680	transport
0x001d16b0	FUN_001d16b0	transport
0x001d16f0	FUN_001d16f0	transport
0x001d1740	FUN_001d1740	transport
0x001d1960	FUN_001d1960	transport
0x001d1b80	FUN_001d1b80	transport
0x001d1d90	FUN_001d1d90	transport
0x001d1e40	FUN_001d1e40	transport
0x001d2170	FUN_001d2170	transport
0x001d2290	FUN_001d2290	transport
0x001d24c0	FUN_001d24c0	transport
0x001d26f0	FUN_001d26f0	transport
0x001d2900	FUN_001d2900	transport
0x001d2970	FUN_001d2970	transport
0x001d2b30	FUN_001d2b30	transport
0x001d2bd0	FUN_001d2bd0	transport
0x001d2e00	FUN_001d2e00	transport
0x001d2e90	FUN_001d2e90	transport
0x001d2f20	FUN_001d2f20	transport
0x001d3020	FUN_001d3020	transport
0x001d30b0	FUN_001d30b0	transport
0x001d30f0	FUN_001d30f0	transport
0x001d3130	FUN_001d3130	transport
0x001d31b0	FUN_001d31b0	transport
0x001d3240	FUN_001d3240	transport
0x001d3310	FUN_001d3310	transport
0x001d33d0	FUN_001d33d0	transport
0x001d3500	FUN_001d3500	transport
0x001d35d0	FUN_001d35d0	transport
0x001d3ac0	FUN_001d3ac0	transport
0x001d3b40	FUN_001d3b40	transport
0x001d3df0	FUN_001d3df0	transport
0x001d3f60	FUN_001d3f60	transport
0x001d3fd0	FUN_001d3fd0	transport
0x001d40e0	FUN_001d40e0	transport
0x001d4170	FUN_001d4170	transport
0x001d41c0	FUN_001d41c0	transport
0x001d4200	FUN_001d4200	transport
0x001d4230	FUN_001d4230	transport
0x001d4250	FUN_001d4250	transport
0x001d42e0	FUN_001d42e0	transport
0x001d4380	FUN_001d4380	transport
0x001d4450	FUN_001d4450	transport
0x001d44d0	FUN_001d44d0	transport
0x001d44f0	FUN_001d44f0	transport
0x001d4630	FUN_001d4630	transport
0x001d46a0	FUN_001d46a0	transport
0x001d46ec	FUN_001d46ec	transport
0x001d4d24	FUN_001d4d24	transport
0x001d4de0	FUN_001d4de0	transport
0x001d4e7c	FUN_001d4e7c	transport
0x001d4fa4	FUN_001d4fa4	transport
0x001d507c	FUN_001d507c	transport
0x001d5138	FUN_001d5138	transport
0x001d51e0	FUN_001d51e0	transport
0x001d5260	FUN_001d5260	transport
0x001d5288	FUN_001d5288	transport
0x001d533c	FUN_001d533c	transport
0x001d5378	FUN_001d5378	transport
0x001d53cc	FUN_001d53cc	transport
0x001d5460	FUN_001d5460	transport
0x001d5688	FUN_001d5688	transport
0x001d5768	FUN_001d5768	transport
0x001d5ae4	FUN_001d5ae4	transport
0x001d63b8	FUN_001d63b8	transport
0x001d6468	FUN_001d6468	transport
0x001d6988	FUN_001d6988	transport
0x001d6dfc	FUN_001d6dfc	transport
0x001d6ee0	FUN_001d6ee0	transport
0x001d7104	FUN_001d7104	transport
0x001d72a8	FUN_001d72a8	transport
0x001d7ab0	FUN_001d7ab0	transport
0x001d7b30	FUN_001d7b30	transport
0x001d7d20	FUN_001d7d20	transport
0x001d7f6c	FUN_001d7f6c	transport
0x001d8048	FUN_001d8048	transport
0x001d80c8	FUN_001d80c8	transport
0x001d81a4	FUN_001d81a4	transport
0x001d8394	FUN_001d8394	transport
0x001d84cc	FUN_001d84cc	transport
0x001d861c	FUN_001d861c	transport
0x001d8710	FUN_001d8710	transport
0x001d8848	FUN_001d8848	transport
0x001d891c	FUN_001d891c	transport
0x001d89f8	FUN_001d89f8	transport
0x001d8ab0	FUN_001d8ab0	transport
0x001d8b60	FUN_001d8b60	transport
0x001d8c10	FUN_001d8c10	transport
0x001d8cc0	FUN_001d8cc0	transport
0x001d8d70	FUN_001d8d70	transport
0x001d8e20	FUN_001d8e20	transport
0x001d8ed8	FUN_001d8ed8	transport
0x001d8f58	FUN_001d8f58	transport
0x001d90ec	FUN_001d90ec	transport
0x001d91c0	FUN_001d91c0	transport
0x001d9354	FUN_001d9354	transport
0x001d93d4	FUN_001d93d4	transport
0x001d94b0	FUN_001d94b0	transport
0x001d9550	FUN_001d9550	transport
0x001d9678	FUN_001d9678	transport
0x001d9b6c	FUN_001d9b6c	transport
0x001d9f78	FUN_001d9f78	transport
0x001db7e8	FUN_001db7e8	transport
0x001dbd0c	FUN_001dbd0c	transport
0x001dbdd0	FUN_001dbdd0	transport
0x001dbe60	FUN_001dbe60	transport
0x001dbefc	FUN_001dbefc	transport
0x001dc0b8	FUN_001dc0b8	transport
0x001dc310	FUN_001dc310	transport
0x001dc508	FUN_001dc508	transport
0x001dc804	FUN_001dc804	transport
0x001dc9fc	FUN_001dc9fc	transport
0x001dcbf4	FUN_001dcbf4	transport
0x001dcdfc	FUN_001dcdfc	transport
0x001dd07c	FUN_001dd07c	transport
0x001dd1dc	FUN_001dd1dc	transport
0x001dd33c	FUN_001dd33c	transport
0x001dd5f8	FUN_001dd5f8	transport
0x001dd840	FUN_001dd840	transport
0x001dda88	FUN_001dda88	transport
0x001ddc60	FUN_001ddc60	transport
0x001ddda0	FUN_001ddda0	transport
0x001ddee8	FUN_001ddee8	transport
0x001de0c0	FUN_001de0c0	transport
0x001de298	FUN_001de298	transport
0x001de470	FUN_001de470	transport
0x001de648	FUN_001de648	transport
0x001de840	FUN_001de840	transport
0x001de9e8	FUN_001de9e8	transport
0x001ded08	FUN_001ded08	transport
0x001df044	FUN_001df044	transport
0x001df1d8	FUN_001df1d8	transport
0x001df380	FUN_001df380	transport
0x001df66c	FUN_001df66c	transport
0x001df9a8	FUN_001df9a8	transport
0x001dfad0	FUN_001dfad0	transport
0x001dfbf8	FUN_001dfbf8	transport
0x001dfda0	FUN_001dfda0	transport
0x001dff7c	FUN_001dff7c	transport
0x001e0188	FUN_001e0188	transport
0x001e0358	FUN_001e0358	transport
0x001e0428	FUN_001e0428	transport
0x001e04f8	FUN_001e04f8	transport
0x001e05c8	FUN_001e05c8	transport
0x001e0774	FUN_001e0774	transport
0x001e094c	FUN_001e094c	transport
0x001e0ed8	FUN_001e0ed8	transport
0x001e1468	FUN_001e1468	transport
0x001e14e8	FUN_001e14e8	transport
0x001e1590	FUN_001e1590	transport
0x001e1608	FUN_001e1608	transport
0x001e16b4	FUN_001e16b4	transport
0x001e180c	FUN_001e180c	transport
0x001e19c4	FUN_001e19c4	transport
0x001e1ac8	FUN_001e1ac8	transport
0x001e1c10	FUN_001e1c10	transport
0x001e1d88	FUN_001e1d88	transport
0x001e1dd0	FUN_001e1dd0	transport
0x001e1e4c	FUN_001e1e4c	transport
0x001e2010	FUN_001e2010	transport
0x001e2058	FUN_001e2058	transport
0x001e20a0	FUN_001e20a0	transport
0x001e2304	FUN_001e2304	transport
0x001e234c	FUN_001e234c	transport
0x001e2394	FUN_001e2394	transport
0x001e23dc	FUN_001e23dc	transport
0x001e2424	FUN_001e2424	transport
0x001e2610	FUN_001e2610	transport
0x001e2654	FUN_001e2654	transport
0x001e270c	FUN_001e270c	transport
0x001e2928	FUN_001e2928	transport
0x001e2a28	FUN_001e2a28	transport
0x001e2a90	FUN_001e2a90	transport
0x001e2b3c	FUN_001e2b3c	transport
0x001e2c7c	FUN_001e2c7c	transport
0x001e2ffc	FUN_001e2ffc	transport
0x001e3100	FUN_001e3100	transport
0x001e332c	FUN_001e332c	transport
0x001e34dc	FUN_001e34dc	transport
0x001e366c	FUN_001e366c	transport
0x001e3880	FUN_001e3880	transport
0x001e3a3c	FUN_001e3a3c	transport
0x001e3ba8	FUN_001e3ba8	transport
0x001e3f98	FUN_001e3f98	transport
0x001e40b0	FUN_001e40b0	transport
0x001e41d0	FUN_001e41d0	transport
0x001e41fc	FUN_001e41fc	transport
0x001e4728	FUN_001e4728	transport
0x001e4bec	FUN_001e4bec	transport
0x001e4ec8	FUN_001e4ec8	transport
0x001e4fd8	FUN_001e4fd8	transport
0x001e5104	FUN_001e5104	transport
0x001e5234	FUN_001e5234	transport
0x001e5538	FUN_001e5538	transport
0x001e56c8	FUN_001e56c8	transport
0x001e5854	FUN_001e5854	transport
0x001e5934	FUN_001e5934	transport
0x001e5a00	FUN_001e5a00	transport
0x001ea784	FUN_001ea784	transport
0x001ea804	FUN_001ea804	transport
0x001ea8e8	FUN_001ea8e8	transport
0x001eaaa8	FUN_001eaaa8	transport
0x001eabc0	FUN_001eabc0	transport
0x001eac0c	FUN_001eac0c	transport
0x001ead70	FUN_001ead70	transport
0x001eaddc	FUN_001eaddc	transport
0x001eaf30	FUN_001eaf30	transport
0x001eb088	FUN_001eb088	transport
0x001eb1b0	FUN_001eb1b0	transport
0x001eb22c	FUN_001eb22c	transport
0x001eb2d4	FUN_001eb2d4	transport
0x001eb2fc	FUN_001eb2fc	transport
0x001eb33c	FUN_001eb33c	transport
0x001eb37c	FUN_001eb37c	transport
0x001eb3b8	FUN_001eb3b8	transport
0x001eb434	FUN_001eb434	transport
0x001eb4dc	FUN_001eb4dc	transport
0x001eb5ac	FUN_001eb5ac	transport
0x001eb688	FUN_001eb688	transport
0x001eb784	FUN_001eb784	transport
0x001eb858	FUN_001eb858	transport
0x001eb888	FUN_001eb888	transport
0x001eb8d0	FUN_001eb8d0	transport
0x001eb918	FUN_001eb918	transport
0x001eb9a0	FUN_001eb9a0	transport
0x001eba40	FUN_001eba40	transport
0x001ebae0	FUN_001ebae0	transport
0x001ebb90	FUN_001ebb90	transport
0x001ebbd0	FUN_001ebbd0	transport
0x001ebc10	FUN_001ebc10	transport
0x001ebc4c	FUN_001ebc4c	transport
0x001ebc74	FUN_001ebc74	transport
0x001ebca8	FUN_001ebca8	transport
0x001ebcd0	FUN_001ebcd0	transport
0x001ebd04	FUN_001ebd04	transport
0x001ebd2c	FUN_001ebd2c	transport
0x001ebd54	FUN_001ebd54	transport
0x001ebd7c	FUN_001ebd7c	transport
0x001ebda4	FUN_001ebda4	transport
0x001ebdcc	FUN_001ebdcc	transport
0x001ebe28	FUN_001ebe28	transport
0x001ebe64	FUN_001ebe64	transport
0x001ebed0	FUN_001ebed0	transport
0x001ec1f8	FUN_001ec1f8	transport
0x001ec9e0	FUN_001ec9e0	transport
0x001eccb0	FUN_001eccb0	transport
0x001eccd8	FUN_001eccd8	transport
0x001ecd28	FUN_001ecd28	transport
0x001ecdc0	FUN_001ecdc0	transport
0x001ed034	FUN_001ed034	transport
0x001ed0bc	FUN_001ed0bc	transport
0x001ed168	FUN_001ed168	transport
0x001ed21c	FUN_001ed21c	transport
0x001ed270	FUN_001ed270	transport
0x001ed2c0	FUN_001ed2c0	transport
0x001ed360	FUN_001ed360	transport
0x001ed3f4	FUN_001ed3f4	transport
0x001ed41c	FUN_001ed41c	transport
0x001ed44c	FUN_001ed44c	transport
0x001ed474	FUN_001ed474	transport
0x001ed4a4	FUN_001ed4a4	transport
0x001ed4cc	FUN_001ed4cc	transport
0x001ed4fc	FUN_001ed4fc	transport
0x001ed524	FUN_001ed524	transport
0x001ed554	FUN_001ed554	transport
0x001ed584	FUN_001ed584	transport
0x001ed5ac	FUN_001ed5ac	transport
0x001ed5dc	FUN_001ed5dc	transport
0x001ed60c	FUN_001ed60c	transport
0x001ed634	FUN_001ed634	transport
0x001ed664	FUN_001ed664	transport
0x001ed68c	FUN_001ed68c	transport
0x001ed6bc	FUN_001ed6bc	transport
0x001ed6ec	FUN_001ed6ec	transport
0x001ed74c	FUN_001ed74c	transport
0x001ed7e0	FUN_001ed7e0	transport
0x001ed864	FUN_001ed864	transport
0x001ed924	FUN_001ed924	transport
0x001eda10	FUN_001eda10	transport
0x001eda5c	FUN_001eda5c	transport
0x001edad0	FUN_001edad0	transport
0x001edbb8	FUN_001edbb8	transport
0x001edd9c	FUN_001edd9c	transport
0x001edfd0	FUN_001edfd0	transport
0x001ee024	FUN_001ee024	transport
0x001ee060	FUN_001ee060	transport
0x001ee110	FUN_001ee110	transport
0x001ee150	FUN_001ee150	transport
0x001ee160	FUN_001ee160	transport
0x001ee190	FUN_001ee190	transport
0x001ee1a0	FUN_001ee1a0	transport
0x001ee1e0	FUN_001ee1e0	transport
0x001ee360	FUN_001ee360	transport
0x001ee3b0	FUN_001ee3b0	transport
0x001ee3f0	FUN_001ee3f0	transport
0x001ee430	FUN_001ee430	transport
0x001ee560	FUN_001ee560	transport
0x001ee590	FUN_001ee590	transport
0x001ee5f0	FUN_001ee5f0	transport
0x001ee650	FUN_001ee650	transport
0x001ee680	FUN_001ee680	transport
0x001ee6e0	FUN_001ee6e0	transport
0x001ee720	FUN_001ee720	transport
0x001ee770	FUN_001ee770	transport
0x001ee7c0	FUN_001ee7c0	transport
0x001ee810	FUN_001ee810	transport
0x001ee860	FUN_001ee860	transport
0x001ee8d0	FUN_001ee8d0	transport
0x001ee900	FUN_001ee900	transport
0x001ee930	FUN_001ee930	transport
0x001ee9b0	FUN_001ee9b0	transport
0x001ee9d0	FUN_001ee9d0	transport
0x001eea10	FUN_001eea10	transport
0x001eeb00	FUN_001eeb00	transport
0x001eeb30	FUN_001eeb30	transport
0x001eeb50	FUN_001eeb50	transport
0x001eed60	FUN_001eed60	transport
0x001eed90	FUN_001eed90	transport
0x001eedc0	FUN_001eedc0	transport
0x001eedf0	FUN_001eedf0	transport
0x001eee30	FUN_001eee30	transport
0x001eee60	FUN_001eee60	transport
0x001eee90	FUN_001eee90	transport
0x001eeec0	FUN_001eeec0	transport
0x001eef00	FUN_001eef00	transport
0x001eef50	FUN_001eef50	transport
0x001eef80	FUN_001eef80	transport
0x001eefb0	FUN_001eefb0	transport
0x001ef000	FUN_001ef000	transport
0x001ef040	FUN_001ef040	transport
0x001ef070	FUN_001ef070	transport
0x001ef0a0	FUN_001ef0a0	transport
0x001ef0d0	FUN_001ef0d0	transport
0x001ef100	FUN_001ef100	transport
0x001ef130	FUN_001ef130	transport
0x001ef160	FUN_001ef160	transport
0x001ef190	FUN_001ef190	transport
0x001ef1c0	FUN_001ef1c0	transport
0x001ef230	FUN_001ef230	transport
0x001ef2b0	FUN_001ef2b0	transport
0x001ef2e0	FUN_001ef2e0	transport
0x001ef310	FUN_001ef310	transport
0x001ef3e0	FUN_001ef3e0	transport
0x001ef3f0	FUN_001ef3f0	transport
0x001ef400	FUN_001ef400	transport
0x001ef4a0	FUN_001ef4a0	transport
0x001ef4f0	FUN_001ef4f0	transport
0x001ef540	FUN_001ef540	transport
0x001ef5c0	FUN_001ef5c0	transport
0x001ef610	FUN_001ef610	transport
0x001ef690	FUN_001ef690	transport
0x001ef710	FUN_001ef710	transport
0x001ef770	FUN_001ef770	transport
0x001ef7d0	FUN_001ef7d0	transport
0x001ef830	FUN_001ef830	transport
0x001ef8d0	FUN_001ef8d0	transport
0x001ef9a0	FUN_001ef9a0	transport
0x001efa70	FUN_001efa70	transport
0x001efb80	FUN_001efb80	transport
0x001efc90	FUN_001efc90	transport
0x001efcf0	FUN_001efcf0	transport
0x001efda0	FUN_001efda0	transport
0x001efe00	FUN_001efe00	transport
0x001efe70	FUN_001efe70	transport
0x001efee0	FUN_001efee0	transport
0x001eff60	FUN_001eff60	transport
